TYPE_FIRST_NAME,TYPE_SECOND_NAME,TYPE_FATHERS_NAME,TYPE_ID_TAX_NUMBER,TYPE_PASSPORT_NUMBER,TYPE_FOREIGN_PASSPORT_NUMBER,TYPE_PHONE_NUMBER,TYPE_EMAIL,TYPE_WEBSITE,TYPE_ADDRESS_COUNTRY,TYPE_ADDRESS_CITY,TYPE_ADDRESS_STREET_NUMBER,TYPE_ADDRESS_APT_NUMBER,TYPE_WORKING_PLACE,TYPE_PROFESSION,TYPE_NONE
adam,abrahamovsky,adamivna,,,,,,,австралія,alchevsk,,,,авербандник,
afanasiy,anastas,adamovych,,,,,,,австрія,almazna,,,,авіаційний,
agape,andreichenko,afanasiiovych,,,,,,,азербайджан,alupka,,,,автоклавник,
albina,andreichyn,afanasiivna,,,,,,,албанія,alushta,,,,автоматник,
aleks,andreikiv,aleksandrivna,,,,,,,алжир,amvrosiivka,,,,авторемонтник,
aleksandr,andreiko,aleksandrovych,,,,,,,ангола,ananiv,,,,агент,
aleksandra,andresyuk,aleksivna,,,,,,,андорра,andrushivka,,,,агломератник,
alexandra,andrich,aleksovych,,,,,,,антигуа і барбуда,antratsyt,,,,агролісомеліоратор,
alina,andrichuk,anatoliiovych,,,,,,,аргентина,apostolove,,,,агрометеоролог,
alisa,andriienko,anatoliivna,,,,,,,афганістан,armiansk,,,,агроном,
alla,androshchuk,anatoliovych,,,,,,,багамські острови,artsyz,,,,агротехнік,
anastasia,andrukh,andriiovych,,,,,,,бангладеш,avdiivka,,,,агрохімік,
anastasiya,andrukhovych,andriivna,,,,,,,барбадос,bakhchysarai,,,,адвокат,
anatoli,andruko,antonivna,,,,,,,бахрейн,bakhmach,,,,адміністративний,
anatoliy,andruntsiv,antonovych,,,,,,,беліз,bakhmut,,,,адміністратор,
andriy,andrusenko,arkadiiovych,,,,,,,бельгія,balakliia,,,,аерографіст,
anhelina,andrushchenko,arkadiivna,,,,,,,бенін,balky,,,,аерографник,
anna,andrushkiv,arseniiovych,,,,,,,білорусь,balta,,,,аеродинамік,
anton,andrushko,arseniivna,,,,,,,болгарія,bar,,,,аеродромний,
antonina,andrusiv,arsenivna,,,,,,,болівія,baranivka,,,,аерозольник,
anzhela,andrusyak,arsenovych,,,,,,,боснія і герцеговина,barvinkove,,,,аеролог,
anzhelika,andrusyshyn,artemivna,,,,,,,ботсвана,bashtanka,,,,аерофотогеодезист,
arkadiy,anhelyuk,artemovych,,,,,,,бразилія,baturyn,,,,аерофотозйомник,
arsen,antonich,arturivna,,,,,,,бруней,belz,,,,академік-секретар,
arseniy,antoniv,arturovych,,,,,,,буркіна-фасо,berdiansk,,,,аквадувальник,
artem,arkhipenko,avgustivna,,,,,,,бурунді,berdychiv,,,,акліматизатор,
artur,artyuschenko,avgustovych,,,,,,,бутан,berehove,,,,акомпаніатор,
avgust,avramenko,bohdanivna,,,,,,,вануату,berestechko,,,,акробат,
bohdan,babiak,bohdanovych,,,,,,,ватикан,berezan,,,,актор,
bohdana,babich,bohuslavivna,,,,,,,велика британія,berezhany,,,,актуарій,
bohuslav,babyak,bohuslavovych,,,,,,,венесуела,berezivka,,,,акумуляторник,
bohuslava,bagan,borysivna,,,,,,,в'єтнам,berezne,,,,акушерка,
borys,bagryany,boryskivna,,,,,,,вірменія,bershad,,,,алундувальник,
borysko,bahan,boryskovych,,,,,,,габон,beryslav,,,,алюмініювальник,
boryslav,baibuza,boryslavivna,,,,,,,гаїті,bibrka,,,,аналітик,
boyko,balaban,boryslavovych,,,,,,,гамбія,bila,,,,ангобувальник,
danylo,balanchuk,borysovych,,,,,,,гана,bilhorod-dnistrovskyi,,,,андоник,
dariya,bandera,boykivna,,,,,,,гаяна,biliaivka,,,,антенник-щогловик,
daryna,bandura,boykovych,,,,,,,гватемала,bilky,,,,антикорозійних,
demyan,barka,danylivna,,,,,,,гвінея,bilohirsk,,,,антрополог,
denys,barnick,danylovych,,,,,,,гвінея-бісау,bilopillia,,,,апаратник,
diana,barno,demyanivna,,,,,,,гондурас,bilozerka,,,,апретурник,
dina,bartosh,demyanovych,,,,,,,гренада,bilozerske,,,,аранжувальник,
dmytro,basara,denysivna,,,,,,,греція,biloziria,,,,арбітражний,
eduard,bayuk,denysovych,,,,,,,грузія,bilytske,,,,арматурник,
eleonora,bereza,dmytrivna,,,,,,,данія,blahovishchenske,,,,армувальник,
elpis,berezuk,dmytrovych,,,,,,,джибуті,bobrovytsia,,,,ароматизаторник,
emiliya,bernadyn,eduardivna,,,,,,,домініка,bobrynets,,,,артист,
evhen,bezkorovainyi,eduardovych,,,,,,,домініканська республіка,bohdanivka,,,,археограф,
fedir,bilenko,evhenivna,,,,,,,еквадор,bohodukhiv,,,,археолог,
fedor,biletskyy,evhenovych,,,,,,,екваторіальна гвінея,bohuslav,,,,архіваріус,
gleb,bilik,fedirivna,,,,,,,еритрея,boiarka,,,,архівіст,
halyna,bilokhatniuk,fedirovych,,,,,,,есватіні,bokovo-khrustalne,,,,архітектор,
hanna,bilovol,fedorivna,,,,,,,естонія,bolekhiv,,,,асистент,
havryil,bilyk,fedorovych,,,,,,,ефіопія,bolhrad,,,,аспіраторник,
hedeon,bitsch,glebivna,,,,,,,єгипет,borshchahivka,,,,астролог,
hennadiy,blakytny,glebovych,,,,,,,ємен,borshchiv,,,,астроном,
heorhiy,boback,havryilivna,,,,,,,замбія,boryslav,,,,астрофізик,
hryhoriy,bodnar,havryilovych,,,,,,,зімбабве,boryspil,,,,асфальтобетонник,
ihor,bogun,hedeonivna,,,,,,,ізраїль,borzna,,,,асфальтобетонник-варильник,
illya,bohatenko,hedeonovych,,,,,,,індія,brianka,,,,асфальтувальник,
inessa,bohomolets,hennadiiivna,,,,,,,індонезія,brody,,,,аташе,
inha,boiko,hennadiiovych,,,,,,,ірак,brovary,,,,аудитор,
inna,boldyr,heorhiiivna,,,,,,,іран,bucha,,,,аукціоніст,
iryna,bondar,heorhiiovych,,,,,,,ірландія,buchach,,,,багермейстер,
ivan,bondarenko,hryhoriiivna,,,,,,,ісландія,buh,,,,багермейстер-капітан,
ivanna,borecky,hryhoriiovych,,,,,,,іспанія,bunhe,,,,багермейстер-наставник,
julia,borodavka,ihorivna,,,,,,,італія,burshtyn,,,,бакелізаторник,
juliya,borsch,ihorovych,,,,,,,йорданія,buryn,,,,бакелітник,
kalyna,borsuk,Illich,,,,,,,кабо-верде,busk,,,,бактеріолог,
karyna,bortnick,Illivna,,,,,,,казахстан,chasiv,,,,балансувальник,
kateryna,bortnik,ivanivna,,,,,,,камбоджа,cherkasy,,,,балансувальник-заливальник,
katia,borys,ivanovych,,,,,,,камерун,chernihiv,,,,балетмейстер,
katya,boyko,klimentivna,,,,,,,канада,chernivtsi,,,,балетмейстер-постановник,
khrystyna,brutka,klimentovych,,,,,,,катар,chervona,,,,балістик,
kira,buchko,klimivna,,,,,,,кенія,chervonohrad,,,,бальзамувальник,
klara,bucko,klimovych,,,,,,,киргизстан,chervonosiv,,,,бандажник,
klavdiya,bula,kostyantynivna,,,,,,,кіпр,chop,,,,бандажувальник,
klim,bulavinets,kostyantynovych,,,,,,,кірибаті,chornobaivka,,,,бандурист,
kliment,bulhakiv,krystiianivna,,,,,,,колумбія,chornobyl,,,,бандурист-співак,
kostyantyn,burak,krystiianovych,,,,,,,коморські острови,chornomorsk,,,,барильєтник,
krystiyan,burick,kyrylivna,,,,,,,республіка конго,chortkiv,,,,бариста,
ksenia,buzko,kyrylovych,,,,,,,південна корея,chudei,,,,бармен,
kseniya,bzovsky,leonidivna,,,,,,,коста-рика,chudniv,,,,басейник,
kyrylo,cap,leonidovych,,,,,,,кот-д'івуар,chuhuiv,,,,батанник,
larisa,chabanenko,levivna,,,,,,,куба,chyhyryn,,,,бджоляр,
larysa,chaly,levovych,,,,,,,кувейт,chystiakove,,,,беконник,
leonid,chaplin,lyaksandrivna,,,,,,,лаос,dachne,,,,береговий,
leonida,chaplinski,lyaksandrovych,,,,,,,латвія,dalnyk,,,,бетоняр,
lera,chernenko,lyubomyrivna,,,,,,,лесото,davydkovo,,,,бібліограф,
lesya,choma,lyubomyrovych,,,,,,,литва,debaltseve,,,,бібліотекар,
lev,chop,maksimivna,,,,,,,ліберія,derazhnia,,,,бігунник,
lidiya,chopp,maksimovych,,,,,,,ліван,derhachi,,,,білувальник,
lilia,chorney,maksivna,,,,,,,лівія,dibrova,,,,біолог,
liliya,chornovil,maksovych,,,,,,,ліхтенштейн,dnipro,,,,біолог-дослідник,
lilya,chorny,maksymivna,,,,,,,люксембург,dniprorudne,,,,біометрист,
liubov,chovnyk,maksymovych,,,,,,,маврикій,dobromyl,,,,біотехнолог,
liudmila,chunko,mar'yanivna,,,,,,,мавританія,dobron,,,,біофізик,
luba,chura,mar'yanovych,,,,,,,мадагаскар,dobropillia,,,,біохімік,
lyaksandro,chykatilo,mariiovych,,,,,,,малаві,dokuchaievsk,,,,бісквітник,
lyuba,dacko,mariivna,,,,,,,малайзія,dolyna,,,,бітумник,
lyubochka,dakhno,markiianivna,,,,,,,малі,dolynska,,,,бланшувальник,
lyubomyr,danek,markiianovych,,,,,,,мальдіви,donetsk,,,,блокувальник,
lyubov,danko,markivna,,,,,,,мальта,dovhe,,,,бляхар,
lyudmyla,danyluk,markovych,,,,,,,марокко,dovzhansk,,,,богослов,
maks,dashkevych,martynivna,,,,,,,маршаллові острови,drohobych,,,,боєць,
maksim,davidenko,martynovych,,,,,,,мексика,druzhba,,,,бондар,
maksym,davidovich,matviiovych,,,,,,,федеративні штати мікронезії,druzhkivka,,,,бондар-закупорювач,
"mar""yan",davydenko,matviivna,,,,,,,мозамбік,dubliany,,,,боронувальник,
marfa,demchak,maximivna,,,,,,,молдова,dubno,,,,бортмеханік,
marharyta,demchuk,maximovych,,,,,,,монако,dubrovytsia,,,,бортовий,
maria,demchyshyn,mikhailivna,,,,,,,монголія,dunaivtsi,,,,бортоператор,
marii,demko,mikhailovych,,,,,,,м'янма,dzhankoi,,,,бортпровідник,
marina,demyan,mironivna,,,,,,,намібія,enerhodar,,,,бортрадист,
mariya,denis,mironovych,,,,,,,науру,fastiv,,,,бортштурман,
markiyan,denisenko,mykhailivna,,,,,,,непал,fedorivka,,,,ботанік,
marko,denys,mykhailovych,,,,,,,нігер,feodosiia,,,,боцман,
marta,dibrova,mykhaylivna,,,,,,,нігерія,fontanka,,,,бригадир,
martyn,dobish,mykhaylovych,,,,,,,нідерланди,hadiach,,,,бригадир-настроювач,
maryana,dobryvechir,mykolaiovych,,,,,,,нікарагуа,haisyn,,,,брикетувальник,
maryna,doluda,mykolaivna,,,,,,,німеччина,haivoron,,,,бринзороб,
matviy,dombrowsky,mykytavych,,,,,,,нова зеландія,halych,,,,бринзороб-майстер,
maxim,domitrovich,mykytivna,,,,,,,оман,helmiaziv,,,,брокер,
melaniya,doroshenko,myronivna,,,,,,,пакистан,henichesk,,,,бронеобмотувальник,
mikhailo,doroshkin/dorozhkin,myronovych,,,,,,,палау,heohrafiia,,,,бронзувальник,
mila,dovbush,myroslavivna,,,,,,,панама,hertsa,,,,бронювальник,
miron,dovzhenko,myroslavovych,,,,,,,папуа нова гвінея,hirnyk,,,,брошурувальник,
mykhail,drach,narimanivna,,,,,,,парагвай,hirske,,,,бруківник,
mykhaila,dragomanov,narimanovych,,,,,,,польща,hlobyne,,,,будівельник,
mykhailo,dudik,nazariiovych,,,,,,,португалія,hlukhiv,,,,букмекер,
mykhaylo,dudnyk,nazariivna,,,,,,,росія,hlybokyi,,,,бункерувальник,
mykola,dudyk,nazarivna,,,,,,,руанда,hlyniany,,,,бурильник,
mykyta,dukhnovenko,nazarovych,,,,,,,румунія,hnivan,,,,буртоукладач,
myron,dunay,nikitaivna,,,,,,,сальвадор,hola,,,,бутафор,
myroslav,dyachenko,nikitaovych,,,,,,,самоа,holubivka,,,,буфетник,
myroslava,dykul,olehivna,,,,,,,сан-марино,horenka,,,,бухгалтер,
nadezhda,dzik,olehovych,,,,,,,сан-томе і принсіпі,horishni,,,,бухгалтер-експерт,
nadia,dziuba,olekivna,,,,,,,саудівська аравія,horlivka,,,,бухгалтер-ревізор,
nadiya,dzuba,olekovych,,,,,,,сейшельські острови,horodenka,,,,в'язальник,
nadya,dzyubenko,oleksanderivna,,,,,,,сенегал,horodkivka,,,,вагар,
nariman,elaschuk,oleksanderovych,,,,,,,сент-вінсент і гренадини,horodnia,,,,вагар-обліковець,
natali,elishchuk,oleksandrivna,,,,,,,сент-кіттс і невіс,horodnie,,,,вагонетник,
natalia,evanishyn,oleksandrovych,,,,,,,сент-люсія,horodok,,,,вагранник,
nataliya,evanko,oleksiiovych,,,,,,,сербія,horodyshche,,,,вакуум-пресувальник,
natalka,evashchuk,oleksiivna,,,,,,,сінгапур,horokhiv,,,,вакуумник,
natalya,farion,olesivna,,,,,,,сирія,hrebinka,,,,вальниклісу,
nazar,fedak,olesovych,,,,,,,словаччина,hrushovo,,,,вальцювальник,
nazariy,fedirchuk,olexiiovych,,,,,,,словенія,huliaipole,,,,валяльник,
nikita,fedora,olexiivna,,,,,,,соломонові острови,ichnia,,,,вантажник,
nina,fedorchak,ostapivna,,,,,,,сомалі,illintsi,,,,вапногасильник,
odarka,fedorka,ostapovych,,,,,,,судан,ilnytsia,,,,варильник,
oksana,fedorko,pavlivna,,,,,,,суринам,ilovaisk,,,,варник,
oleh,fedotenko,pavlovych,,,,,,,східний тимор,inkerman,,,,ватинник,
olek,filas,petrivna,,,,,,,сьєрра-леоне,irmino,,,,вафельник,
oleksander,fishchenko,petrovych,,,,,,,таджикистан,irpin,,,,ведучий,
oleksandr,fochuk,petrusivna,,,,,,,таїланд,irshava,,,,велюрник,
oleksandra,franko,petrusovych,,,,,,,танзанія,ivano-frankivsk,,,,вентильовий,
oleksiy,galey,pylypivna,,,,,,,того,iza,,,,верстатник,
olena,gandzhalas,pylypovych,,,,,,,тонга,iziaslav,,,,верстатник-ізолювальник,
oles,gaponenko,romanivna,,,,,,,тринідад і тобаго,izium,,,,верховий,
olesya,gavrilyuk,romanovych,,,,,,,тувалу,izmail,,,,верхолаз,
olexiy,gavrylyuk,rostyslavivna,,,,,,,туніс,kadiivka,,,,взуттьовик,
olga,gerasimenko,rostyslavovych,,,,,,,туреччина,kaharlyk,,,,вибивальник,
olha,getsyk,ruslanivna,,,,,,,туркменістан,kakhovka,,,,вибільник,
ostap,gleba,ruslanovych,,,,,,,уганда,kalmiuske,,,,вибілювальник,
oxana,gluschenko,rustemivna,,,,,,,угорщина,kalush,,,,вибірник,
pavlo,glushenko,rustemovych,,,,,,,узбекистан,kalyniv,,,,вибірник-сортувальник,
petro,gogol,sashaovych,,,,,,,україна,kalynivka,,,,вибірник-укладальник,
petruso,goloborodko,sashivna,,,,,,,уругвай,kalyny,,,,вивантажувач,
polina,golub,savivna,,,,,,,фіджі,kamianets-podilskyi,,,,виготовлювач,
pylyp,gonchar,savovych,,,,,,,філіппіни,kamianka,,,,вигрібальник,
raisa,goncharenko,semenivna,,,,,,,фінляндія,kamianka-buzka,,,,видувальник,
rayisa,gorbanenko,semenovych,,,,,,,франція,kamianka-dniprovska,,,,виймальник,
roman,grebinka,serhiiivna,,,,,,,хорватія,kamianske,,,,викладач,
rostyslav,grinchenko,serhiiovych,,,,,,,центральноафриканська республіка,kamin-kashyrskyi,,,,викладач-інструменталіст,
ruslan,grischuk,serhiivna,,,,,,,чад,kaniv,,,,викладач-стажист,
ruslana,grushevsky,spartakivna,,,,,,,чехія,karlivka,,,,виконавець,
rustem,gryglevich,spartakovych,,,,,,,чилі,kerch,,,,виконавчий,
sasha,grytsenko,stanislavivna,,,,,,,чорногорія,kharkiv,,,,виливальник,
sava,guba,stanislavovych,,,,,,,швейцарія,khartsyzk,,,,виливальник-заливальник,
semen,gudzyak,stanyslavivna,,,,,,,швеція,kherson,,,,вимірювач,
serhii,gulka,stanyslavovych,,,,,,,шрі-ланка,khmelnytskyi,,,,виноградар,
serhiy,gura,stefanivna,,,,,,,ямайка,khmilnyk,,,,винороб,
sofia,gurka,stefanovych,,,,,,,afghanistan,khodoriv,,,,випалювач,
sofiya,gutsalo,stepanivna,,,,,,,albania,khorol,,,,випарювальник,
spartak,haburjak,stepanovych,,,,,,,algeria,khorostkiv,,,,випробувач,
stanislav,halichenko,svyatoslavivna,,,,,,,andorra,khotyn,,,,випробувач-електрик,
stanyslav,halyckyj,svyatoslavovych,,,,,,,angola,khrestivka,,,,випробувач-лаборант,
stefan,haponenko,symonivna,,,,,,,antigua and barbuda,khrustalnyi,,,,випробувач-механік,
stefaniya,haranchak,symonovych,,,,,,,argentina,khrystynivka,,,,випробувач-формувальник,
stepan,harasemchuk,tarasivna,,,,,,,armenia,khust,,,,випусковий,
svitlana,hawrylak,tarasovych,,,,,,,australia,khutory,,,,вирівнювальник,
svyatoslav,hawryluk,teodorivna,,,,,,,austria,kiliia,,,,вирізальник,
symon,hleba,teodorovych,,,,,,,azerbaijan,kitsman,,,,вироби,
taisia,hopko,v'yacheslavivna,,,,,,,bahamas,kivertsi,,,,виробник,
taisiya,horenko,v'yacheslavovych,,,,,,,bahrain,klishkivtsi,,,,виробник-налагоджувальник,
tamara,hotopyla,vadymivna,,,,,,,bangladesh,kniazhychi,,,,вирубник,
taras,hotopylo,vadymovych,,,,,,,barbados,kobeliaky,,,,виставник,
teodor,hotopіlo,valentynivna,,,,,,,belarus,kodyma,,,,вистилальник,
tetiana,hresko,valentynovych,,,,,,,belgium,kolinkivtsi,,,,витискувач,
tetyana,hricko,valerianivna,,,,,,,belize,kolochava,,,,витягальник,
uliana,hritz,valerianovych,,,,,,,benin,kolomyia,,,,вихователь,
ulyana,hryhorenko,valeriiovych,,,,,,,bhutan,komarno,,,,вихователь-методист,
"v""yacheslav",hryshchuk,valeriivna,,,,,,,bolivia,komiaty,,,,вишивальник,
vadym,hrytsenko,valeryivna,,,,,,,bosnia and herzegovina,konotop,,,,вишкоелектромонтажник,
valentyn,huba,valeryovych,,,,,,,botswana,kopani,,,,вишкомонтажник,
valentyna,hubenko,vasylivna,,,,,,,brazil,kopychyntsi,,,,вишкомонтажник-електромонтер,
valerian,hudzik,vasylovych,,,,,,,brunei,korets,,,,вишкомонтажник-зварник,
valeriy,hulyahrotsky,viktorivna,,,,,,,bulgaria,koriukivka,,,,вища,
valeriya,hurenko,viktorovych,,,,,,,burkina faso,korosten,,,,віварник,
valery,hutopyla,vitaliiovych,,,,,,,burundi,korostyshiv,,,,відбивник,
varvara,hycha,vitaliivna,,,,,,,cabo verde,korsun-shevchenkivskyi,,,,відбірник,
vasyl,ilnyckyj,vitalikivna,,,,,,,cambodia,kosiv,,,,відварник,
vasylyna,ivanychuk,vitalikovych,,,,,,,cameroon,kosmach,,,,відварних,
veronika,ivaschenko,vitaliovych,,,,,,,canada,kostiantynivka,,,,відвідник,
viktor,ivasiv,vitalivna,,,,,,,central african republic (car),kostopil,,,,відеотекар,
viktoria,iwanicki,vitalyivna,,,,,,,chad,kovel,,,,віджимач,
viktoriya,izdryk,vitalyovych,,,,,,,chile,koziatyn,,,,відкатник-вакуумник,
vira,iваничук,vladlenivna,,,,,,,china,kramatorsk,,,,відкладник,
vitali,iващенко,vladlenovych,,,,,,,colombia,krasnohorivka,,,,відламувач,
vitalik,iздрик,vladyslavivna,,,,,,,comoros,krasnohrad,,,,відливальник,
vitaliy,iлніцкий,vladyslavovych,,,,,,,"congo, democratic republic of the",krasnoperekopsk,,,,відмітчик,
vitaliya,jangula,volodymyrivna,,,,,,,"congo, republic of the",krasyliv,,,,відпальник,
vitaly,kachur,volodymyrovych,,,,,,,costa rica,kremenchuk,,,,відпальник-вакуумник,
vladlen,kaluzny,vsevolodivna,,,,,,,cote d'ivoire,kremenets,,,,відпарювач-пресувальник,
vladyslav,kapinos,vsevolodovych,,,,,,,croatia,kreminna,,,,відповідальний,
vladyslava,karashkevych,vyacheslavivna,,,,,,,cuba,krolevets,,,,відрізальник,
volodymyr,karmazin,vyacheslavovych,,,,,,,cyprus,kropyvnytskyi,,,,візажист,
vsevolod,karpenko,wasylivna,,,,,,,czechia,krym,,,,візажист-стиліст,
vyacheslav,karvatsky,wasylovych,,,,,,,denmark,kryvyi,,,,візник,
wasyl,kary,wolodymyrivna,,,,,,,djibouti,kubei,,,,вініпластник,
wasylyna,katyuk,wolodymyrovych,,,,,,,dominica,kuchuriv,,,,вірусолог,
wolodymyr,kava,yakivivna,,,,,,,dominican republic,kupiansk,,,,вітражник,
yakiv,kazan,yakivovych,,,,,,,ecuador,kurakhove,,,,вітрильник,
yana,khachula,yaroslavivna,,,,,,,egypt,kuty,,,,віце-консул,
yanina,khmelnytsky,yaroslavovych,,,,,,,el salvador,kyiv,,,,віце-президент,
yaroslav,khomiak,yevgenivna,,,,,,,equatorial guinea,kypuche,,,,віце-прем'єр-міністр,
yaroslava,khomin,yevgenovych,,,,,,,eritrea,ladyzhyn,,,,віяльник,
yelysaveta,khymnyuk,yevheniiovych,,,,,,,estonia,lanivtsi,,,,вогнетривник,
yelyzaveta,kitko,yevheniivna,,,,,,,"eswatini <span class=""black"">(formerly swaziland)</span>",lebedyn,,,,водій,
yevgen,klukas,yevhenivna,,,,,,,ethiopia,liuboml,,,,водій-випробувач,
yevhen,klyuka,yevhenovych,,,,,,,fiji,liubotyn,,,,водій-інструктор,
yevheniy,kobevko,yosypivna,,,,,,,finland,liubymivka,,,,водневик,
yevheniya,kobyliansky,yosypovych,,,,,,,france,lokhvytsia,,,,водолаз,
yosyp,kohut,yuliiovych,,,,,,,gabon,lozova,,,,водолазний,
yulia,kolanko,yuliivna,,,,,,,gambia,lozuvatka,,,,водопровідник,
yuliy,kolba,yuriiovych,,,,,,,georgia,lubny,,,,водороздавальник,
yuliya,kolesnyk,yuriivna,,,,,,,germany,luchky,,,,вожатий,
yura,kolodne,yuriovych,,,,,,,ghana,luhansk,,,,возій,
yuri,koltash,zinoviiovych,,,,,,,greece,lutsk,,,,волочильник,
yuriy,koltyk,zinoviivna,,,,,,,grenada,lutuhyne,,,,ворожка,
zhanna,komar,августівна,,,,,,,guatemala,lviv,,,,вставник,
zinoviy,konashevych,августович,,,,,,,guinea,lyman,,,,вулканізаторник,
zinoviya,kondratsky,адамівна,,,,,,,guinea-bissau,lypovets,,,,вчитель,
zlata,kondratyuk,адамович,,,,,,,guyana,lysychansk,,,,вчитель-дефектолог,
zoya,konovalets,александрівна,,,,,,,haiti,maiaky,,,,вчитель-логопед,
август,kopko,александрович,,,,,,,honduras,makiivka,,,,вчитель-реабілітолог,
адам,kopyl,алексівна,,,,,,,hungary,mala,,,,газівник,
алекс,kornatsky,алексович,,,,,,,iceland,malyn,,,,газогенераторник,
александр,kornelyuk,альбертівна,,,,,,,india,mamaivtsi,,,,газозварник,
александра,korol,альбертович,,,,,,,indonesia,marhanets,,,,газомірник,
аліна,korolenko,ананіївна,,,,,,,iran,marinka,,,,газорізальник,
аліса,kosach,ананійович,,,,,,,iraq,mariupol,,,,газорятівник,
алла,kosh,анатоліївна,,,,,,,ireland,marshyntsi,,,,галтувальник,
альберт,koshla,анатолійович,,,,,,,israel,melitopol,,,,гальванік,
альбіна,koshulynsky,андріївна,,,,,,,italy,mena,,,,гальванотипіст,
ананій,kosii,андрійович,,,,,,,jamaica,merefa,,,,гардеробник,
анастасія,kosko,антінівна,,,,,,,japan,mishkovo-pohorilove,,,,гарнірувальник,
анатолій,kostachuk,антінович,,,,,,,jordan,miusynsk,,,,гарнітурник,
ангеліна,kostenko,антонівна,,,,,,,kazakhstan,mohyliv-podilskyi,,,,гартівник,
андрій,kostiuk,антонович,,,,,,,kenya,molochansk,,,,гартувальник,
анжела,kotsuba,аркадіївна,,,,,,,kiribati,molodohvardiisk,,,,гасильник,
анжеліка,kotsubinsky,аркадійович,,,,,,,kosovo,monastyryshche,,,,генеральний,
анна,kotyschenko,арсенівна,,,,,,,kuwait,monastyryska,,,,генераторник,
антін,kovalchyk,арсеніївна,,,,,,,kyrgyzstan,morshyn,,,,генетик,
антон,kovalenko,арсенійович,,,,,,,laos,mospyne,,,,геоботанік,
антоніна,kozachenko,арсенович,,,,,,,latvia,mosty,,,,географ,
аркадій,kozak,артемівна,,,,,,,lebanon,mostyska,,,,географ-економіст,
арсен,kozbur,артемович,,,,,,,lesotho,mukachevo,,,,геодезист,
арсеній,kozhukha,артурівна,,,,,,,liberia,mykolaiv,,,,геолог,
артем,kozii,артурович,,,,,,,libya,mykolaivka,,,,геоморфолог,
артур,kozoriz,афанасівна,,,,,,,liechtenstein,myrhorod,,,,геофізик,
афанасій,kravchenko,афанасійович,,,,,,,lithuania,myrne,,,,геохімік,
богдан,krylenko,богданівна,,,,,,,luxembourg,myrnohrad,,,,герметизаторник,
богдана,kryvenko,богданович,,,,,,,madagascar,myronivka,,,,герпетолог,
богуслав,kryvobok,богуславівна,,,,,,,malawi,nadvirna,,,,гігієніст,
богуслава,kryvohat'ko,богуславович,,,,,,,malaysia,nemyriv,,,,гід-перекладач,
борис,kryvonis,борисівна,,,,,,,maldives,nerubaiske,,,,гідроакустик,
боронислав,ktytor,борисович,,,,,,,mali,netishyn,,,,гідробіолог,
боронислава,kudleychuk,борониславівна,,,,,,,malta,nikopol,,,,гідрогенізаторник,
броніслав,kuharenko,борониславович,,,,,,,marshall islands,nizhyn,,,,гідрогеолог,
броніслава,kulish,броніславівна,,,,,,,mauritania,nosivka,,,,гідрограф,
в'ячеслав,kupranets,броніславович,,,,,,,mauritius,nova,,,,гідродинамік,
вадим,kuprii,в'ячеславівна,,,,,,,mexico,nove,,,,гідролог,
валентин,kurivczak,в'ячеславович,,,,,,,micronesia,novhorod-siverskyi,,,,гідрометеоспостерігач,
валентина,kurylenko,вадимівна,,,,,,,moldova,novi,,,,гідромоніторник,
валеріан,kvasnytsya,вадимович,,,,,,,monaco,novoazovsk,,,,гідропіскоструминник,
валерій,kvitka,валентинівна,,,,,,,mongolia,novodnistrovsk,,,,гідротерміст,
валерія,kyrylo,валентинович,,,,,,,montenegro,novodruzhesk,,,,гідротехнік,
варвара,kyva,валеріанівна,,,,,,,morocco,novohrad-volynskyi,,,,гідротехнік-дослідник,
василина,kyzyma,валеріанович,,,,,,,mozambique,novohrodivka,,,,гідрохімік,
василь,ladanchuk,валеріївна,,,,,,,"myanmar <span class=""black"">(formerly burma)</span>",novoiavorivsk,,,,гідроциклонник,
вероніка,len,валерійович,,,,,,,namibia,novomoskovsk,,,,гідрочистильник,
виталик,leonchuk,василівна,,,,,,,nauru,novomyrhorod,,,,гільйоширник,
віктор,levada,васильович,,,,,,,nepal,novoselytsia,,,,гільоширник,
вікторія,liski,виталиківна,,,,,,,netherlands,novoukrainka,,,,гіпнотизер,
віра,lisunov,виталикович,,,,,,,new zealand,novovolynsk,,,,гірник,
віталій,litovchenko,вікторівна,,,,,,,nicaragua,novyi,,,,гірничомонтажник,
віталія,loboda,вікторович,,,,,,,niger,obukhiv,,,,гістолог,
владислав,lukashenko,віталіївна,,,,,,,nigeria,ochakiv,,,,глава,
владислава,lyakh,віталійович,,,,,,,north korea,odesa,,,,глазурувальник,
владлен,lyashenko,владиславівна,,,,,,,"north macedonia <span class=""black"">(formerly macedonia)</span>",okhtyrka,,,,глянцювальник,
володимир,lyashka,владиславович,,,,,,,norway,oleksandriia,,,,гнутар,
володислав,lymar,владленівна,,,,,,,oman,oleksandrivsk,,,,годинникар,
всеволод,lytvynenko,владленович,,,,,,,pakistan,oleshky,,,,годувальник,
вячеслав,maiboroda,володимирівна,,,,,,,palau,olevsk,,,,голендорник,
гавриїл,malyarenko,володимирович,,,,,,,palestine,orikhiv,,,,голова,
галина,mandychevsky,володиславівна,,,,,,,panama,oster,,,,головна,
ганна,marmurchuk,володиславович,,,,,,,papua new guinea,ostroh,,,,головний,
генадій,marunchak,всеволодівна,,,,,,,paraguay,ovruch,,,,головним,
геннадій,maryniuk,всеволодович,,,,,,,peru,ozerne,,,,гончар,
георгій,maslo,вячеславівна,,,,,,,philippines,pavlohrad,,,,горновий,
глеб,matviienkoo,вячеславович,,,,,,,poland,perechyn,,,,готувач,
григорій,mayko,гавриїлівна,,,,,,,portugal,pereiaslav,,,,гофрувальник,
давид,mazepa,гавриїлович,,,,,,,qatar,peremyshliany,,,,гравер,
данило,meleshko,генадіївна,,,,,,,romania,pereshchepyne,,,,градуювальник,
дар'я,melnyk,генадійович,,,,,,,russia,perevalsk,,,,гранулювальник,
дарина,minyaylyuk,геннадівна,,,,,,,rwanda,pershotravensk,,,,грануляторник,
дарія,miroshnychenko,геннадійович,,,,,,,saint kitts and nevis,pervomaisk,,,,ґратознімач,
дем'ян,mnogogrishny,георгіївна,,,,,,,saint lucia,pervomaiskyi,,,,графітувальник,
денис,mogyla,георгійович,,,,,,,saint vincent and the grenadines,petrivka,,,,графолог,
діана,motrienko,глебівна,,,,,,,samoa,petrivtsi,,,,грибовод,
діна,motryuk,глебович,,,,,,,san marino,petropavlivska,,,,гример-пастижер,
дмитро,mushket,григорівна,,,,,,,sao tome and principe,petrovo-krasnosillia,,,,громадський,
едуард,mykhaylyk,григорійович,,,,,,,saudi arabia,piatykhatky,,,,грохотник,
елеонора,mykytyuk,давидівна,,,,,,,senegal,pidhaitsi,,,,грохотник-шурувальник,
емілія,nahnybida,давидович,,,,,,,serbia,pidhorodne,,,,ґрунтознавець,
єва,nahorny,данилівна,,,,,,,seychelles,pionerske,,,,ґрунтувальник,
євген,nalyvaichenko,данилович,,,,,,,sierra leone,pishchanka,,,,груповод,
євгена,nalyvaiko,дем'янівна,,,,,,,singapore,pivdenne,,,,гувернер,
євгеній,navolsky,дем'янович,,,,,,,slovakia,plakhtiivka,,,,гумівник,
євгенія,nazarchuk,денисівна,,,,,,,slovenia,plavni,,,,гуртівник,
євдокія,nazarovich,денисович,,,,,,,solomon islands,pochaiv,,,,давильник,
євстахій,nazdratenko,дмитрівна,,,,,,,somalia,podilsk,,,,дверевий,
єгор,neborak,дмитрович,,,,,,,south africa,pohrebyshche,,,,двірник,
єлизавета,nechuy,едуардівна,,,,,,,south korea,pokrov,,,,девіатор,
єлисавета,nepypyvo,едуардович,,,,,,,south sudan,pokrovsk,,,,девулканізаторник,
єлізавета,nerodych,євгенівна,,,,,,,spain,poliana,,,,дегоржер,
єфросинія,netudykhata,євгеніївна,,,,,,,sri lanka,polohy,,,,дегустатор,
жанна,oksamit,євгенійович,,,,,,,sudan,polonne,,,,дезактиваторник,
зеновій,onopka,євгенович,,,,,,,suriname,poltava,,,,дезінфектор,
зінаїда,openko,євстахіївна,,,,,,,sweden,pomichna,,,,дезодораторинксої,
зіновій,orlay,євстахійович,,,,,,,switzerland,popasna,,,,декан,
зіновія,orlyk,єгорівна,,,,,,,syria,potik,,,,декатирувальник,
злата,oshpak,єгорович,,,,,,,taiwan,pryluky,,,,декоратор,
зоряна,osipenko,зеновіївна,,,,,,,tajikistan,prymorsk,,,,дельтапланерист-випробувач,
зоя,osnovianenko,зеновійович,,,,,,,tanzania,prypiat,,,,демонстратор,
іван,ostapets,зіновіївна,,,,,,,thailand,prystan,,,,демонстратор-консультант,
іванна,ovcharenko,зіновійович,,,,,,,timor-leste,pryvillia,,,,денатураторник,
ігор,ozarkevich,іванівна,,,,,,,togo,pustomyty,,,,деревообробник,
ілля,palinchak,іванович,,,,,,,tonga,putyvl,,,,деревопар,
інга,panasenko,івллівна,,,,,,,trinidad and tobago,pyriatyn,,,,державний,
інесса,panchak,ігорівна,,,,,,,tunisia,radekhiv,,,,десантник-пожежний,
інна,panchenko,ігорович,,,,,,,turkey,radomyshl,,,,десинатор,
ірина,panchyk,ілліч,,,,,,,turkmenistan,radyvyliv,,,,детектив,
йосип,pankiw,йосипівна,,,,,,,tuvalu,raion),,,,дефективник,
йосиф,parkhomenko,йосипович,,,,,,,uganda,rakhiv,,,,дефектоскопіст,
казимир,pasichnyk,йосифівна,,,,,,,ukraine,rakhny-lisovi,,,,дефібрерник,
калина,pasternak,йосифович,,,,,,,united arab emirates (uae),rava-ruska,,,,дефростатни,
карина,pavlenko,казимирівна,,,,,,,united kingdom (uk),reni,,,,дизайнер,
катерина,pavluk,казимирович,,,,,,,united states of america (usa),reshetylivka,,,,дизайнер-виконавець,
катя,pavlyshyn,кирилівна,,,,,,,uruguay,rih,,,,дизайнер-дослідник,
кирило,pavlyuk,кирилович,,,,,,,uzbekistan,rivne,,,,дизеліст,
кіра,pelepchuk,климентівна,,,,,,,vanuatu,rodynske,,,,диктор,
клавдія,perets,климентович,,,,,,,vatican city (holy see),rohatyn,,,,дилер,
клара,perevozchenko,климівна,,,,,,,venezuela,romankivtsi,,,,дипломатичний,
клим,petlura,климович,,,,,,,vietnam,romny,,,,директор,
климент,petraszczuk,костівна,,,,,,,yemen,rovenky,,,,директор-розпорядник,
кость,petrenko,костьович,,,,,,,zambia,rozdil,,,,диригент,
костянтин,petrynets,костянтинівна,,,,,,,zimbabwe,rozdilna,,,,диск-жокей,
ксенія,pidgaiko,костянтинович,,,,,,,,rozhniv,,,,диспашер,
кузьма,pidkova,кузьмаович,,,,,,,,rozhyshche,,,,диспетчер,
лариса,pidmohylny,кузьмівна,,,,,,,,rozkishne,,,,диспетчер-інспектор,
лев,pipenko,левівна,,,,,,,,rubizhne,,,,диспетчер-інструктор,
леонід,pirozhenko,левович,,,,,,,,rudky,,,,диспетчер-інформатор,
леоніда,pivtora,леонідівна,,,,,,,,ruska,,,,дистилювальник,
леонтій,plushenko,леонідович,,,,,,,,rzhyshchiv,,,,дистиляторник,
лера,plyushenko,леонтіївна,,,,,,,,saky,,,,дифузорник,
леся,pohrebynsky,леонтійович,,,,,,,,sambir,,,,диякон,
лідія,pokotylo,любомирівна,,,,,,,,sarny,,,,дізнавач,
лілія,polischuk,любомирович,,,,,,,,selydove,,,,ділильник,
люба,polubotok,максимівна,,,,,,,,semenivka,,,,діловод,
любов,ponikarovsky,максимович,,,,,,,,serednie,,,,дільничний,
любомир,ponomarenko,максівна,,,,,,,,seredyna-buda,,,,днювальний,
любомира,popadynets,максович,,,,,,,,sevastopol,,,,довбальник,
любочка,porkhovsky,мар'янівна,,,,,,,,shabo,,,,доводжувач,
людмила,poroshenko,мар'янович,,,,,,,,shakhtarsk,,,,доводжувач-притирник,
майя,potchak,марківна,,,,,,,,sharhorod,,,,доглядач,
макс,povalii,маркіянівна,,,,,,,,shchastia,,,,дозиметрист,
максим,prohasko,маркіянович,,,,,,,,shcholkine,,,,дозувальник,
мар'ян,prokup,маркович,,,,,,,,shepetivka,,,,дозувальник-змішувач,
мар'яна,prytula,мартинівна,,,,,,,,shevchenkove,,,,докторант,
маргарита,pshenyanyk,мартинович,,,,,,,,shostka,,,,документознавець,
марина,pshyk,матвіївна,,,,,,,,shpola,,,,долотозаправник,
марія,pylypenko,матвійович,,,,,,,,shumsk,,,,дорожній,
маркіян,pymonenko,микитаович,,,,,,,,sievierodonetsk,,,,дорожньо-колійний,
марко,redko,микитівна,,,,,,,,simferopol,,,,дослідник,
марта,rodchenko,миколаович,,,,,,,,siversk,,,,доцент,
мартин,romanyshyn,миколівна,,,,,,,,skadovsk,,,,дояр,
марфа,romanyszyn,миронівна,,,,,,,,skalat,,,,драгер,
матвій,rud,миронович,,,,,,,,skole,,,,дражувальник,
меланія,rudenko,мирославівна,,,,,,,,skvyra,,,,драматург,
микита,ryabokin,мирославович,,,,,,,,slavuta,,,,драпірувальник,
микола,rybalka,михаїлівна,,,,,,,,slavutych,,,,дренажист,
мирон,rymar,михаїлович,,,,,,,,sloboda,,,,дренажник,
мирослав,sahaidachny,михайлівна,,,,,,,,sloviansk,,,,дресирувальник,
мирослава,sakhaidachny,михайлович,,,,,,,,smila,,,,дріжджовик,
михаїл,salenko,назарівна,,,,,,,,sniatyn,,,,дробильник,
михайла,savchenko,назаріївна,,,,,,,,snihurivka,,,,дробильник-розмелювач,
михайлина,savchuk,назарійович,,,,,,,,snizhne,,,,другий,
михайло,savko,назарович,,,,,,,,snovsk,,,,друкар,
міла,semko,наріманівна,,,,,,,,sofiivska,,,,друкар-тиснильник,
надежда,serben,наріманович,,,,,,,,sokal,,,,друкарка,
надія,serduk,нікітівна,,,,,,,,sokilnyky,,,,"друкарка,",
назар,shastko,нікітович,,,,,,,,sokyriany,,,,дублювальник,
назарій,shaula,олегівна,,,,,,,,sokyrnytsia,,,,евакуатор,
наріман,shchebatskii,олегович,,,,,,,,soledar,,,,екіпірувальник,
наталі,shchehelskii,олександрівна,,,,,,,,sorokyne,,,,еколог,
наталія,shcherbachenko,олександрович,,,,,,,,sosnivka,,,,екологічний,
наталка,shcherbakivskii,олексаович,,,,,,,,stari,,,,економетрист,
наталя,shcherbatyuk,олексівна,,,,,,,,starobilsk,,,,економіст,
нікіта,shcherbyna,олексіївна,,,,,,,,starokostiantyniv,,,,економіст-демограф,
ніна,shchernulka,олексійович,,,,,,,,starokozache,,,,економіст-статистик,
одарка,shchors,олесівна,,,,,,,,staryi,,,,економічний,
оксана,shchuka,олесьович,,,,,,,,stebnyk,,,,економка,
олег,shchurat,омелянівна,,,,,,,,storozhynets,,,,"екранувальникжил,",
олекса,shchurovskii,омелянович,,,,,,,,stryi,,,,ексгаустерувальник,
олександр,shchyrytsya,орестівна,,,,,,,,sudak,,,,екскурсовод,
олександра,shevchenko,орестович,,,,,,,,sudova,,,,екскурсознавець,
олексій,shmata,осипівна,,,,,,,,sudylkiv,,,,експедитор,
олена,shukhevych,осипович,,,,,,,,sukhodilsk,,,,експерт,
олесь,shvets,остапівна,,,,,,,,sulymivka,,,,експерт-імунолог,
олеся,shynkarchuk,остапович,,,,,,,,sumy,,,,експерт-кінолог,
ольга,silchenko,павлівна,,,,,,,,svaliava,,,,експерт-консультант,
омелян,sirko,павлович,,,,,,,,svarychiv,,,,експерт-поліграфолог,
орест,sklyarenko,панасівна,,,,,,,,svatove,,,,експерт-психолог,
осип,skoropadsky,панасович,,,,,,,,sviatohirsk,,,,експерт-токсиколог,
остап,skotsyk,петрівна,,,,,,,,svitlodarsk,,,,експерт-цитолог,
павло,skovoroda,петрович,,,,,,,,svitlovodsk,,,,екстрагувальник,
панас,skripachuk,пилипівна,,,,,,,,synelnykove,,,,електрик,
парасковія,skrobala,пилипович,,,,,,,,talne,,,,електрик-випробувач,
пелагея,smereka,романівна,,,,,,,,taranivka,,,,електроверетенник,
пелагія,smeshko,романович,,,,,,,,tarashcha,,,,електровібронаплавлювач,
петро,sokulsky,ростиславівна,,,,,,,,tarasivka,,,,електроворсувальник,
пилип,solar,ростиславович,,,,,,,,tarasivtsi,,,,електрогазозварник,
поліна,soletsky,русланівна,,,,,,,,tatarbunary,,,,електрогазозварник-врізальник,
раїса,stelmah,русланович,,,,,,,,tavriisk,,,,електродиспетчер,
роман,stesyshyn,рустемівна,,,,,,,,teplodar,,,,електродник,
романа,strembitsky,рустемович,,,,,,,,terebovlia,,,,електродних,
ростислав,stupka,саваович,,,,,,,,ternivka,,,,електроерозіоніст,
руслан,sumlak,савівна,,,,,,,,ternopil,,,,електрозаточувальник,
руслана,suprunyuk,сашівна,,,,,,,,tetiiv,,,,електрозварник,
рустем,svyshchuk,сашович,,,,,,,,tiachiv,,,,електрокопіювальник,
сава,svystun,святославівна,,,,,,,,tlumach,,,,електролізерник,
саша,syrotuk,святославович,,,,,,,,tokmak,,,,електролізник,
світлана,syvolap,семенівна,,,,,,,,toretsk,,,,електромеханік,
святослав,tarasenko,семенович,,,,,,,,trebukhiv,,,,електромеханік-наставник,
святослава,taruta,сергіївна,,,,,,,,troitske,,,,електромонтажник,
семен,teliga,сергійович,,,,,,,,trostianets,,,,електромонтажник-налагоджувальник,
сергій,teterya,симонівна,,,,,,,,truskavets,,,,електромонтажник-схемник,
симон,tkachenko,симонович,,,,,,,,tserkva,,,,електромонтер,
сніжана,tomenko,спартаківна,,,,,,,,tsyrkuny,,,,електромонтер-лінійник,
соломія,tomorug,спартакович,,,,,,,,tulchyn,,,,електромонтер-релейник,
софія,tryasylo,станиславівна,,,,,,,,turka,,,,електроосвітлювач,
спартак,tsarenko,станиславович,,,,,,,,tysmenytsia,,,,електрополірувальник,
станислав,tsvyhun,станіславівна,,,,,,,,tyvriv,,,,електрорадіомонтажник,
станіслав,tsvyk,станіславович,,,,,,,,uhniv,,,,електрорадіонавігатор,
степан,tsybulya,степанівна,,,,,,,,ukrainka,,,,електрослюсар,
степанида,tsypkin,степанович,,,,,,,,ukrainsk,,,,електрослюсар-контактник,
степанія,turyn,стефанівна,,,,,,,,uman,,,,електрослюсар-монтажник,
стефан,tutunnyk,стефанович,,,,,,,,usatove,,,,електросушильник,
стефанія,tyahnybok,тарасівна,,,,,,,,ustyluh,,,,електрофотограф,
таїса,tymko,тарасович,,,,,,,,uzhhorod,,,,електрохімоброблювач,
таїсія,tymoshchuk,теодорівна,,,,,,,,uzyn,,,,емалювальник,
тамара,tymoshenko,теодорович,,,,,,,,valky,,,,ембріолог,
тарас,tyshchenko,тимофіївна,,,,,,,,varash,,,,емульсовар,
текля,tyszczenko,тимофійович,,,,,,,,vashkivtsi,,,,емульсувальник,
теодор,tytovsky,тимурівна,,,,,,,,vasylivka,,,,енергетик,
тетяна,tytovych,тимурович,,,,,,,,vasylkiv,,,,енергодиспетчер,
тимофій,udovenko,трохимівна,,,,,,,,vatutine,,,,енохімік,
тимур,udovychenko,трохимович,,,,,,,,velyka,,,,ентомолог,
трохим,uk:абрагамовський,федірівна,,,,,,,,velyki,,,,ентофітопатолог,
уляна,ukrainets,федірович,,,,,,,,velykyi,,,,епідеміолог,
федір,umanets,федорівна,,,,,,,,verkhivtseve,,,,епілювальник,
федор,usachenko,федорович,,,,,,,,verkhnie,,,,ергономіст,
федора,ustenko,феодосіївна,,,,,,,,verkhnodniprovsk,,,,ерготерапевт,
феодосій,ustymenko,феодосійович,,,,,,,,viline,,,,етнолог,
франц,ustymovych,францівна,,,,,,,,vilniansk,,,,ефіроолійник,
хведір,ustyyanovych,францович,,,,,,,,vilnianska,,,,єгер,
христина,usyk,хведірівна,,,,,,,,vilnohirsk,,,,єпископ,
юлій,vann,хведірович,,,,,,,,vinnytsia,,,,жарівник,
юлія,vashchenko,юліївна,,,,,,,,vinnytski,,,,живописець,
юра,vasylchuk,юлійович,,,,,,,,voda,,,,жилувальник,
юрій,vasyluk,юрівна,,,,,,,,vodiane,,,,жирувальник,
юхим,vasylyk,юріївна,,,,,,,,volnovakha,,,,жокей,
яків,vasylyshin,юрійович,,,,,,,,volochysk,,,,жонглер,
яна,vasylyshyn,юрович,,,,,,,,volodymyr-volynskyi,,,,журналіст,
яніна,veremchuk,юхимівна,,,,,,,,vorozhba,,,,забивач,
ярослав,verminchuk,юхимович,,,,,,,,voskhod,,,,забирач,
ярослава,vershyhora,яківівна,,,,,,,,vovchansk,,,,забійник,
,vilkul,яківович,,,,,,,,voznesenivka,,,,завальцювальник,
,voitenko,ярославівна,,,,,,,,voznesenka,,,,завалювальник,
,voloshyn,ярославович,,,,,,,,voznesensk,,,,завантажувач,
,vyhovsky,юхимович,,,,,,,,vuhledar,,,,завантажувач-вивантажувач,
,vynnychenko,яківівна,,,,,,,,vuhlehirsk,,,,завантажувач-розвантажувач,
,vyshnya,яківович,,,,,,,,vylkove,,,,заварник,
,vytrebenko,ярославівна,,,,,,,,vynnyky,,,,завивальник,
,yakimchuk,ярославович,,,,,,,,vynohradiv,,,,завідувач,
,yanukovych,,,,,,,,,vypasne,,,,заготівельник,
,yarmolyuk,,,,,,,,,vyshhorod,,,,заготівник,
,yarovy,,,,,,,,,vyshneve,,,,закладач,
,yavorsky,,,,,,,,,vyshnia,,,,закочувач,
,yehorenko,,,,,,,,,vyska,,,,закрійник,
,yelenyuk,,,,,,,,,vyzhnytsia,,,,закрійник-різальник,
,yeliashkevych,,,,,,,,,yahotyn,,,,закріплювач,
,yelyuk,,,,,,,,,yalta,,,,закупник,
,yevdokymenko,,,,,,,,,yampil,,,,закупорювач,
,yevtukh,,,,,,,,,yar,,,,заливальник,
,yevtushenko,,,,,,,,,yaremche,,,,заливальник-труболиварник,
,yevtushok,,,,,,,,,yasynuvata,,,,замилювальник,
,yiranek,,,,,,,,,yavoriv,,,,замірник,
,yovenko,,,,,,,,,yenakiieve,,,,замочувальник,
,yulyushek,,,,,,,,,yevpatoriia,,,,запарювач,
,yurchenko,,,,,,,,,yuzhne,,,,запаювальник,
,yuschenko,,,,,,,,,yuzhnoukrainsk,,,,заправник,
,yushchenko,,,,,,,,,zalishchyky,,,,заправник-випробувач,
,zabuzhko,,,,,,,,,zalizne,,,,заправник-знімач,
,zahara,,,,,,,,,zaporizhzhia,,,,запресувальник,
,zavhorodnii,,,,,,,,,zastavna,,,,зарядник,
,zbirak,,,,,,,,,zavodske,,,,засипальник,
,zelenko,,,,,,,,,zbarazh,,,,засолювач,
,zhadan,,,,,,,,,zboriv,,,,заступник,
,zherdev,,,,,,,,,zburivka,,,,заточувальник,
,zherebetsky,,,,,,,,,zdolbuniv,,,,затягувальник,
,zherebny,,,,,,,,,zdovbytsia,,,,зачищувач,
,zhilenko,,,,,,,,,zelenodolsk,,,,зашивальник,
,zhynzher,,,,,,,,,zhashkiv,,,,збагачувач,
,zinovenko,,,,,,,,,zhdanivka,,,,зберігач,
,zlenko,,,,,,,,,zhmerynka,,,,збиральник,
,zoshchenko,,,,,,,,,zhovkva,,,,збирач,
,zunchenko,,,,,,,,,zhydachiv,,,,зв'язувальник,
,zvizdaryk,,,,,,,,,zhytomyr,,,,звалювальник,
,zyma,,,,,,,,,zinkiv,,,,зварник,
,авраменко,,,,,,,,,zlynka,,,,звивальник,
,адамчук,,,,,,,,,zmiiv,,,,звірівник,
,ангелюк,,,,,,,,,znamianka,,,,зволожувальник,
,андрейків,,,,,,,,,zolochiv,,,,звукооператор,
,андрейко,,,,,,,,,zolote,,,,звукооформлювач,
,андрейченко,,,,,,,,,zolotonosha,,,,звукорежисер,
,андрейчин,,,,,,,,,zoria,,,,згинальник,
,андресюк,,,,,,,,,zorynsk,,,,згущувач,
,андрієнко,,,,,,,,,zuhres,,,,здавач,
,андрійчук,,,,,,,,,zvenyhorodka,,,,здіймальник,
,андрощук,,,,,,,,,zymna,,,,землекоп,
,андруко,,,,,,,,,zymohiria,,,,землероб,
,андрусенко,,,,,,,,,авдіївка,,,,зливальник,
,андрусишин,,,,,,,,,алмазна,,,,зливальник-розливальник,
,андрусів,,,,,,,,,алупка,,,,зміцнювальник,
,андрусяк,,,,,,,,,алушта,,,,змішувальник,
,андрух,,,,,,,,,алчевськ,,,,змішувальних,
,андрухович,,,,,,,,,амвросіївка,,,,знезводнювач,
,андруців,,,,,,,,,ананьїв,,,,знімач,
,андрушків,,,,,,,,,андрушівка,,,,знімач-змивальник,
,андрушко,,,,,,,,,антрацит,,,,знімач-розкрійник,
,андрущенко,,,,,,,,,апостолове,,,,знімач-укладальник,
,антонів,,,,,,,,,армянськ,,,,зоолаборант,
,артюшенко,,,,,,,,,арциз,,,,зоолог,
,архипенко,,,,,,,,,балаклія,,,,зоотехнік,
,бабіак,,,,,,,,,балки,,,,зубополірувальник,
,багряний,,,,,,,,,балта,,,,зуборізальник,
,байбуза,,,,,,,,,бар,,,,зубофрезерувальник,
,бакай,,,,,,,,,баранівка,,,,зубошліфувальник,
,баланчук,,,,,,,,,барвінкове,,,,зшивальник,
,бандера,,,,,,,,,батурин,,,,зшивальник-проклеювач,
,барабаш,,,,,,,,,бахмач,,,,ідентифікатор,
,барка,,,,,,,,,бахмут,,,,ізолювальник,
,безкоровайний,,,,,,,,,бахчисарай,,,,ізолювальник-плівочник,
,березюк,,,,,,,,,баштанка,,,,ілюзіоніст,
,бернадин,,,,,,,,,белз,,,,імітатор,
,бзовський,,,,,,,,,бердичів,,,,імпресаріо,
,біленко,,,,,,,,,бердянськ,,,,імунолог,
,білецький,,,,,,,,,берегове,,,,індикаторник,
,біловол,,,,,,,,,бережани,,,,інженер,
,білохатнюк,,,,,,,,,березань,,,,інженер-будівельник,
,бітсч,,,,,,,,,березівка,,,,інженер-випробувач,
,блактиний,,,,,,,,,березне,,,,інженер-гідротехнік,
,близнюк,,,,,,,,,берестечко,,,,інженер-дефектоскопіст,
,богатенко,,,,,,,,,берислав,,,,інженер-диспетчер,
,богомолець,,,,,,,,,бершадь,,,,інженер-дослідник,
,богословський,,,,,,,,,бібрка,,,,інженер-електрик,
,богун,,,,,,,,,біла церква,,,,інженер-електромеханік,
,бойко,,,,,,,,,білгород-дністровський,,,,інженер-електронік,
,болдир,,,,,,,,,білицьке,,,,інженер-електрорадіонавігатор,
,бондар,,,,,,,,,білки,,,,інженер-енергетик,
,бондаренко,,,,,,,,,білогірськ,,,,інженер-землевпорядник,
,бондарчук,,,,,,,,,білозерське,,,,інженер-інспектор,
,борецький,,,,,,,,,білозір'я,,,,інженер-інструктор,
,бородавка,,,,,,,,,білопілля,,,,інженер-конструктор,
,бортник,,,,,,,,,біляївка,,,,інженер-контролер,
,брутка,,,,,,,,,благовіщенське,,,,інженер-лаборант,
,бублик,,,,,,,,,бобринець,,,,інженер-лісопатолог,
,бузько,,,,,,,,,бобровиця,,,,інженер-матеріалознавець,
,булавінець,,,,,,,,,богданівка,,,,інженер-механік,
,булгаків,,,,,,,,,богодухів,,,,інженер-програміст,
,бурґос,,,,,,,,,богуслав,,,,інженер-проектувальник,
,ванн,,,,,,,,,боково-хрустальне,,,,інженер-протезист,
,василик,,,,,,,,,болград,,,,інженер-радіолог,
,василишин,,,,,,,,,болехів,,,,інженер-радіофізик,
,васильчук,,,,,,,,,борзна,,,,інженер-радіохімік,
,василюк,,,,,,,,,борислав,,,,інженер-таксатор,
,ващенко,,,,,,,,,бориспіль,,,,інженер-технолог,
,веремчук,,,,,,,,,борщів,,,,інженер-технолог-протезист,
,вермінчук,,,,,,,,,боярка,,,,інкасатор,
,вершигора,,,,,,,,,бровари,,,,інкасатор-водій,
,виговський,,,,,,,,,броди,,,,інкрустатор,
,винниченко,,,,,,,,,брянка,,,,інокореспондент,
,витребенько,,,,,,,,,бунге,,,,інокуляторник,
,вишня,,,,,,,,,буринь,,,,інспектор,
,вілкул,,,,,,,,,бурштин,,,,інспектор-капітан,
,вовк,,,,,,,,,буськ,,,,інспектор-лікар,
,войтенко,,,,,,,,,буча,,,,інспектор-методист,
,волошин,,,,,,,,,бучач,,,,інспектор-пілот,
,габурчак,,,,,,,,,валки,,,,інспектор-приймальник,
,гаврилюк,,,,,,,,,вараш,,,,інспектор-провідник,
,ґаврільчук,,,,,,,,,василівка,,,,інспектор-ревізор,
,ґалей,,,,,,,,,васильків,,,,інспектор-товарознавець,
,галицький,,,,,,,,,ватутіне,,,,інструктор,
,галіченко,,,,,,,,,вашківці,,,,інструктор-дезінфектор,
,ганджалас,,,,,,,,,велика білозерка,,,,інструктор-дельтапланерист,
,гапоненко,,,,,,,,,велика добронь,,,,інструктор-льотчик-методист,
,гаранчак,,,,,,,,,велика знам'янка,,,,інструктор-методист,
,гарасемчук,,,,,,,,,великий дальник,,,,інструктор-парашутист,
,герасименко,,,,,,,,,великий кучурів,,,,інструктор-перекладач,
,гецик,,,,,,,,,великі ком'яти,,,,інструктор-пілот,
,гича,,,,,,,,,великі копані,,,,інструктор-провідник,
,глеба,,,,,,,,,великі лучки,,,,інструктор-радист,
,ґлушенко,,,,,,,,,великі мости,,,,інтерв'юер,
,глущенко,,,,,,,,,верхівцеве,,,,інтонувальник,
,ґоґол,,,,,,,,,верхнє водяне,,,,інформатор,
,голобородько,,,,,,,,,верхньодніпровськ,,,,іризаторник,
,головатий,,,,,,,,,вижниця,,,,історик,
,голуб,,,,,,,,,вилкове,,,,іхтіолог,
,гончар,,,,,,,,,винники,,,,іхтіолог-дослідник,
,гончаренко,,,,,,,,,виноградів,,,,іхтіопатолог,
,ґорая,,,,,,,,,випасне,,,,кабельник-спаювальник,
,горбаненко,,,,,,,,,вишгород,,,,кабестанник,
,гордієнко,,,,,,,,,вишневе,,,,кабінник-кантівник,
,горенко,,,,,,,,,віліне,,,,казначей,
,готопила,,,,,,,,,вільногірськ,,,,каландрувальник,
,готопило,,,,,,,,,вільнянськ,,,,калібрувальник,
,готопіло,,,,,,,,,вінницькі хутори,,,,калібрувальник-прецизійник,
,грiнченко,,,,,,,,,вінниця,,,,калібрувальник-розкрійник,
,гребiнка,,,,,,,,,вовчанськ,,,,калькулятор,
,ґриґлевич,,,,,,,,,водяне,,,,камбузник,
,григоренко,,,,,,,,,вознесенівка,,,,каменевар,
,гриценко,,,,,,,,,вознесенка,,,,каменотес,
,грищук,,,,,,,,,вознесенськ,,,,камердинер,
,грушевський,,,,,,,,,волноваха,,,,канавник,
,губа,,,,,,,,,володимир-волинський,,,,каніліровник,
,губенко,,,,,,,,,волочиськ,,,,кантувальник-укладальник,
,ґудзяк,,,,,,,,,ворожба,,,,кантувач,
,ґулька,,,,,,,,,восход,,,,капельмейстер,
,гулягроцький,,,,,,,,,вуглегірськ,,,,капілярник,
,гуменюк,,,,,,,,,вугледар,,,,капітан,
,ґура,,,,,,,,,гадяч,,,,капітан-директор,
,гуренко,,,,,,,,,гайворон,,,,капітан-координатор,
,ґурка,,,,,,,,,гайсин,,,,капітан-кранмейстер,
,гутопила,,,,,,,,,галич,,,,капітан-механік,
,гуцало,,,,,,,,,гельмязів,,,,капітан-наставник,
,дiброва,,,,,,,,,генічеськ,,,,капітан&nbsp;—,
,давиденко,,,,,,,,,географія вільнянська,,,,каптажник,
,даніленко,,,,,,,,,герца,,,,кар'єрник,
,дахно,,,,,,,,,гірник,,,,карамельник,
,дашкевич,,,,,,,,,гірське,,,,карбідувальник,
,демчишин,,,,,,,,,глибокий потік,,,,карбонізатор,
,денисенко,,,,,,,,,глиняни,,,,карбонізаторник,
,дерев'янко,,,,,,,,,глобине,,,,карбувальник,
,деркач,,,,,,,,,глухів,,,,кардівник,
,дзюба,,,,,,,,,гнівань,,,,каротажник,
,дзюбенко,,,,,,,,,гола пристань,,,,картограф,
,дикуль,,,,,,,,,голубівка,,,,картограф-укладач,
,добрийвечір,,,,,,,,,горенка,,,,картонажник,
,довбуш,,,,,,,,,горішні плавні,,,,касир,
,довженко,,,,,,,,,горлівка,,,,касир-експерт,
,долуда,,,,,,,,,городенка,,,,касир-оператор,
,дорошенко,,,,,,,,,городище,,,,касир-операціоніст,
,дорошкін/дорожкін,,,,,,,,,городківка,,,,каскадер,
,драч,,,,,,,,,городнє,,,,каталізаторник,
,дубец,,,,,,,,,городня,,,,катехит,
,дудик,,,,,,,,,городок,,,,катодник,
,дудник,,,,,,,,,горохів,,,,каширувальник-фарбувальник,
,духновенко,,,,,,,,,гребінка,,,,каштелян,
,дяченко,,,,,,,,,грушово,,,,кварцодув,
,еванішин,,,,,,,,,гуляйполе,,,,кварцоплавильник,
,еващук,,,,,,,,,дачне,,,,квіткар,
,елащюк,,,,,,,,,дебальцеве,,,,квітникар,
,еліщук,,,,,,,,,деражня,,,,керівник,
,євдокименко,,,,,,,,,дергачі,,,,керуючий,
,євтух,,,,,,,,,джанкой,,,,кесонник,
,євтушенко,,,,,,,,,діброва,,,,кесонник-апаратник,
,євтушок,,,,,,,,,дніпро,,,,кесонник-електромонтажник,
,єгоренко,,,,,,,,,дніпрорудне,,,,кесонник-прохідник,
,єленюк,,,,,,,,,добромиль,,,,кесонник-слюсар,
,єлюк,,,,,,,,,добропілля,,,,кетельник,
,єляшкевич,,,,,,,,,довге,,,,килимар,
,жадан,,,,,,,,,довжанськ,,,,килимарник,
,жердев,,,,,,,,,докучаєвськ,,,,кислотник,
,жеребецький,,,,,,,,,долина,,,,кислототривник,
,жеребний,,,,,,,,,долинська,,,,кислототривник-вініпластник,
,жиленко,,,,,,,,,донецьк,,,,кислототривник-гумувальник,
,жинжер,,,,,,,,,дрогобич,,,,кислотувальник,
,забужко,,,,,,,,,дружба,,,,кінознавець,
,завгородний,,,,,,,,,дружківка,,,,кінолог,
,загара,,,,,,,,,дубляни,,,,кінооператор,
,збірак,,,,,,,,,дубно,,,,кінооператор-постановник,
,звіздарик,,,,,,,,,дубровиця,,,,кінорежисер,
,зеленко,,,,,,,,,дунаївці,,,,кінорежисер-постановник,
,зеленський,,,,,,,,,енергодар,,,,кіоскер,
,зима,,,,,,,,,євпаторія,,,,клавіатурник,
,зіновенко,,,,,,,,,єнакієве,,,,кладильник,
,зленко,,,,,,,,,жашків,,,,класифікатор,
,зощенко,,,,,,,,,жданівка,,,,класифікаторник,
,зунченко,,,,,,,,,жидачів,,,,класувальник,
,іваненко,,,,,,,,,житомир,,,,клеєвар,
,іващенко,,,,,,,,,жмеринка,,,,клеїльник,
,їранек,,,,,,,,,жовква,,,,клеїльник-обпресувальник,
,йовенко,,,,,,,,,заводське,,,,клеймувальник,
,кава,,,,,,,,,залізне,,,,клепальник,
,калашник,,,,,,,,,заліщики,,,,клерувальник,
,карашкевич,,,,,,,,,запоріжжя,,,,кліматолог,
,карвацький,,,,,,,,,заставна,,,,клішист,
,карий,,,,,,,,,збараж,,,,клоун,
,карпенко,,,,,,,,,зборів,,,,коагулянник,
,катюк,,,,,,,,,звенигородка,,,,коагуляторник,
,квiтка,,,,,,,,,здовбиця,,,,кобзар,
,квасниця,,,,,,,,,здолбунів,,,,коваль,
,кива,,,,,,,,,зеленодольськ,,,,коваль-бурозаправник,
,кизима,,,,,,,,,зимна вода,,,,коваль-штампувальник,
,кирило,,,,,,,,,зимогір'я,,,,ковшовий,
,клименко,,,,,,,,,зіньків,,,,кодифікатор,
,клюка,,,,,,,,,злинка,,,,кодувальник,
,кобевко,,,,,,,,,зміїв,,,,кокільник-складальник,
,кобилянський,,,,,,,,,знам'янка,,,,коконозмішувач,
,коваленко,,,,,,,,,золоте,,,,кокономотальник,
,ковальчик,,,,,,,,,золотоноша,,,,коксоочисник,
,ковальчук,,,,,,,,,золочів,,,,коксорозвантажувач,
,кожуха,,,,,,,,,зоринськ,,,,колекціонер,
,козак,,,,,,,,,зоря,,,,колій,
,козаченко,,,,,,,,,зугрес,,,,колійний,
,козбур,,,,,,,,,івано-франківськ,,,,колорист,
,козій,,,,,,,,,іза,,,,командир,
,козоріз,,,,,,,,,ізмаїл,,,,командир-наставник,
,колесник,,,,,,,,,ізюм,,,,комендант,
,колташ,,,,,,,,,ізяслав,,,,коментатор,
,колтик,,,,,,,,,іллінці,,,,комерсант,
,кольба,,,,,,,,,іловайськ,,,,комівояжер,
,конашевич,,,,,,,,,ільниця,,,,комік,
,кондратюк,,,,,,,,,інкерман,,,,комірник,
,коновалець,,,,,,,,,ірміно,,,,комісар,
,копил,,,,,,,,,ірпінь,,,,комплектувальник,
,корнацький,,,,,,,,,іршава,,,,композитор,
,корнелюк,,,,,,,,,ічня,,,,конвертерник,
,короленко,,,,,,,,,кагарлик,,,,конденсаторник,
,косач,,,,,,,,,кадіївка,,,,кондитер,
,косий,,,,,,,,,калини,,,,кондиційник,
,костащук,,,,,,,,,калинівка,,,,кондуктор,
,костенко,,,,,,,,,калуш,,,,конопатник,
,котищенко,,,,,,,,,кальміуське,,,,консервувальник,
,коцюба,,,,,,,,,кам'янець-подільський,,,,конструктор,
,коцюбинський,,,,,,,,,кам'янка,,,,консул,
,кош,,,,,,,,,кам'янка-бузька,,,,консультант,
,кошла,,,,,,,,,кам'янка-дніпровська,,,,консьєрж,
,кошулинський,,,,,,,,,кам'янське,,,,контролер,
,кравець,,,,,,,,,камінь-каширський,,,,контролер-вагар,
,кравченко,,,,,,,,,канів,,,,контролер-візитажник,
,кривенко,,,,,,,,,карлівка,,,,контролер-касир,
,кривобок,,,,,,,,,каховка,,,,контролер-приймальник,
,кривоніс,,,,,,,,,керч,,,,контролер-ревізор,
,криворучко,,,,,,,,,київ,,,,контурувальник,
,кривохатько,,,,,,,,,кипуче,,,,конфекціонер,
,криленко,,,,,,,,,ківерці,,,,концентраторник,
,ктитор,,,,,,,,,кілія,,,,концертмейстер,
,кудлейчук,,,,,,,,,кіцмань,,,,концертмейстер-піаніст,
,кулiш,,,,,,,,,клішківці,,,,конюх,
,кульчицький,,,,,,,,,княжичі,,,,коняр,
,купранець,,,,,,,,,кобеляки,,,,координатографіст,
,купрій,,,,,,,,,ковель,,,,координатор,
,куриленко,,,,,,,,,кодима,,,,копіювальник,
,курівчак,,,,,,,,,козятин,,,,копрівник,
,кухаренко,,,,,,,,,колінківці,,,,коптильник,
,лiзунов,,,,,,,,,коломия,,,,корабельний,
,ладанчук,,,,,,,,,колочава,,,,коректор,
,лазаренко,,,,,,,,,комарно,,,,коректувальник,
,левада,,,,,,,,,конотоп,,,,кореспондент,
,лен,,,,,,,,,копичинці,,,,корчувальник,
,леончук,,,,,,,,,корець,,,,косметик,
,лимар,,,,,,,,,коростень,,,,космонавт-дослідник,
,литвиненко,,,,,,,,,коростишів,,,,костюмер,
,ліський,,,,,,,,,корсунь-шевченківський,,,,котельник,
,літовченко,,,,,,,,,корюківка,,,,котлочистильник,
,лобода,,,,,,,,,косів,,,,кочегар,
,лук'яненко,,,,,,,,,космач,,,,кочегар-випалювач,
,лукашенко,,,,,,,,,костопіль,,,,кошторисник,
,лях,,,,,,,,,костянтинівка,,,,кравець,
,ляшенко,,,,,,,,,краматорськ,,,,кранмейстер,
,ляшка,,,,,,,,,красилів,,,,крановий,
,мазепа,,,,,,,,,красногорівка,,,,кредитор,
,майборода,,,,,,,,,красноград,,,,кресляр,
,майко,,,,,,,,,красноперекопськ,,,,кресляр-конструктор,
,макаренко,,,,,,,,,кременець,,,,кримінолог,
,маляренко,,,,,,,,,кременчук,,,,кристалограф,
,мандичевський,,,,,,,,,кремінна,,,,кріпильник,
,маринюк,,,,,,,,,кривий ріг,,,,кролівник,
,мармурчук,,,,,,,,,кролевець,,,,круп'є,
,марунчак,,,,,,,,,кропивницький,,,,круп'яр,
,маслак,,,,,,,,,кубей,,,,крутильник,
,масло,,,,,,,,,куп'янськ,,,,кубівник,
,матвієнко,,,,,,,,,курахове,,,,кулінар,
,мельник,,,,,,,,,ладижин,,,,культорганізатор,
,микитюк,,,,,,,,,ланівці,,,,кумисороб,
,миняйлюк,,,,,,,,,лебедин,,,,купажник,
,михайлик,,,,,,,,,лиман,,,,кур'єр,
,мірошниченко,,,,,,,,,липовець,,,,куратор,
,многогрiшний,,,,,,,,,лисичанськ,,,,кухар,
,мовчан,,,,,,,,,лозова,,,,кухар-матрос,
,могила,,,,,,,,,лозуватка,,,,кухар-стюард,
,мороз,,,,,,,,,лохвиця,,,,кухонний,
,мотрiєнко,,,,,,,,,лубни,,,,кушнір,
,мотрюк,,,,,,,,,луганськ,,,,кушнір-обробник,
,музичук,,,,,,,,,лутугине,,,,кушнір-розкрійник,
,муса,,,,,,,,,луцьк,,,,кушнір-складальник,
,мушкет,,,,,,,,,львів,,,,лаборант,
,навольський,,,,,,,,,любимівка,,,,лаборант-електроакустик,
,нагнибіда,,,,,,,,,любомль,,,,лаборант-колектор,
,нагорний,,,,,,,,,люботин,,,,лаборант-кристалооптик,
,назаренко,,,,,,,,,макіївка,,,,лаборант-металограф,
,назарович,,,,,,,,,мала білозерка,,,,лаборант-мікробіолог,
,назарчук,,,,,,,,,мала виска,,,,лаборант-полярографіст,
,наздратенко,,,,,,,,,малин,,,,лаборант-радіометрист,
,наливайко,,,,,,,,,мамаївці,,,,лаборант-рахівник,
,наливайченко,,,,,,,,,мар'їнка,,,,лаборант-рентгеноструктурник,
,неборак,,,,,,,,,марганець,,,,лаборант-сенситометрист,
,непийпиво,,,,,,,,,маріуполь,,,,лаглінник,
,неродич,,,,,,,,,маршинці,,,,лагодильник,
,нетудихата,,,,,,,,,маяки,,,,лаковар,
,нечуй,,,,,,,,,мелітополь,,,,лакувальник,
,носенко,,,,,,,,,мена,,,,ламач,
,овчаренко,,,,,,,,,мерефа,,,,лампівник,
,озаркевич,,,,,,,,,миколаїв,,,,ланолінник,
,оксамит,,,,,,,,,миколаївка,,,,ланцюгов'язальник,
,олійник,,,,,,,,,миргород,,,,ланцюговиробник,
,онопка,,,,,,,,,мирне,,,,лебідник,
,опенько,,,,,,,,,мирноград,,,,лектор,
,орлай,,,,,,,,,миронівка,,,,ливарник,
,орлик,,,,,,,,,міусинськ,,,,листобійник,
,осіпенко,,,,,,,,,мішково-погорілове,,,,листоноша,
,основ'яненко,,,,,,,,,могилів-подільський,,,,лихвар,
,остапець,,,,,,,,,молодогвардійськ,,,,лицювальник,
,ошпак,,,,,,,,,молочанськ,,,,лицювальник-мармурник,
,пiдгайко,,,,,,,,,монастириська,,,,лицювальник-мозаїст,
,пiдкова,,,,,,,,,монастирище,,,,лицювальник-плиточник,
,пiдмогильний,,,,,,,,,моршин,,,,лицювальник-полірувальник,
,павленко,,,,,,,,,моспине,,,,личкувальник,
,павлишин,,,,,,,,,мостиська,,,,лікар,
,павловський,,,,,,,,,мукачево,,,,лікар-акушер-гінеколог,
,павлюк,,,,,,,,,надвірна,,,,лікар-алерголог,
,павлюченко,,,,,,,,,немирів,,,,лікар-анестезіолог,
,палінчак,,,,,,,,,нерубайське,,,,лікар-бактеріолог,
,панасенко,,,,,,,,,нетішин,,,,лікар-вірусолог,
,панчак,,,,,,,,,ніжин,,,,лікар-гастроентеролог,
,панченко,,,,,,,,,нікополь,,,,лікар-гематолог,
,панчик,,,,,,,,,нова збур'ївка,,,,лікар-генетик,
,пархоменко,,,,,,,,,нова каховка,,,,лікар-геріатр,
,пасiчник,,,,,,,,,нова одеса,,,,лікар-гінеколог,
,пастернак,,,,,,,,,новгород-сіверський,,,,лікар-гінеколог-онколог,
,пелепчук,,,,,,,,,нове давидково,,,,лікар-дезінфекціоніст,
,перець,,,,,,,,,новий буг,,,,лікар-дерматовенеролог,
,петлюра,,,,,,,,,новий калинів,,,,лікар-дієтолог,
,петренко,,,,,,,,,новий розділ,,,,лікар-ендокринолог,
,петринець,,,,,,,,,нові петрівці,,,,лікар-ендоскопіст,
,пилипенко,,,,,,,,,новоазовськ,,,,лікар-епідеміолог,
,пимоненко,,,,,,,,,нововолинськ,,,,лікар-імунолог,
,півтора,,,,,,,,,новоград-волинський,,,,лікар-інтерн,
,піпенко,,,,,,,,,новогродівка,,,,лікар-інфекціоніст,
,пірошенко,,,,,,,,,новодністровськ,,,,лікар-кардіолог,
,плюшенко,,,,,,,,,новодружеськ,,,,лікар-кардіоревматолог,
,повалiй,,,,,,,,,новомиргород,,,,лікар-комбустіолог,
,погребинський,,,,,,,,,новомосковськ,,,,лікар-лаборант,
,покотило,,,,,,,,,новоселиця,,,,лікар-лаборант-генетик,
,полiщук,,,,,,,,,новоукраїнка,,,,лікар-лаборант-гігієніст,
,полуботок,,,,,,,,,новояворівськ,,,,лікар-лаборант-імунолог,
,понікаровський,,,,,,,,,носівка,,,,лікар-методист,
,пономаренко,,,,,,,,,обухів,,,,лікар-мікробіолог-вірусолог,
,попадинець,,,,,,,,,овруч,,,,лікар-нарколог,
,порошенко,,,,,,,,,одеса,,,,лікар-невролог,
,порховський,,,,,,,,,озерне,,,,лікар-невропатолог,
,потчак,,,,,,,,,олевськ,,,,лікар-нейрофізіолог,
,притула,,,,,,,,,олександрівськ,,,,лікар-нейрохірург,
,прокуп,,,,,,,,,олександрія,,,,лікар-нефролог,
,прохасько,,,,,,,,,олешки,,,,лікар-онколог,
,пшеняник,,,,,,,,,оріхів,,,,лікар-ортопед-травматолог,
,пшик,,,,,,,,,остер,,,,лікар-отоларинголог,
,редько,,,,,,,,,острог,,,,лікар-офтальмолог,
,рибалка,,,,,,,,,охтирка,,,,лікар-паразитолог,
,римар,,,,,,,,,очаків,,,,лікар-патологоанатом,
,родченко,,,,,,,,,п'ятихатки,,,,лікар-педіатр,
,романишин,,,,,,,,,павлоград,,,,лікар-педіатр-неонатолог,
,роща,,,,,,,,,первомайськ,,,,лікар-профпатолог,
,руденко,,,,,,,,,первомайський,,,,лікар-психіатр,
,рудь,,,,,,,,,перевальськ,,,,лікар-психолог,
,рябокiнь,,,,,,,,,перемишляни,,,,лікар-психотерапевт,
,сiрко,,,,,,,,,перечин,,,,лікар-психофізіолог,
,саварин,,,,,,,,,перещепине,,,,лікар-пульмонолог,
,савко,,,,,,,,,переяслав,,,,лікар-радіолог,
,савченко,,,,,,,,,першотравенськ,,,,лікар-ревматолог,
,савчук,,,,,,,,,петрівка,,,,лікар-рентгенолог,
,сагайдачний,,,,,,,,,петрово-красносілля,,,,лікар-рефлексотерапевт,
,саленко,,,,,,,,,петропавлівська борщагівка,,,,лікар-санолог,
,свичтун,,,,,,,,,пирятин,,,,лікар-сексопатолог,
,свищук,,,,,,,,,південне,,,,лікар-стажист,
,семко,,,,,,,,,підгайці,,,,лікар-статистик,
,сербен,,,,,,,,,підгородне,,,,лікар-стоматолог,
,сердюк,,,,,,,,,піонерське,,,,лікар-стоматолог-ортодонт,
,сиволап,,,,,,,,,піщанка,,,,лікар-стоматолог-ортопед,
,сиротюк,,,,,,,,,плахтіївка,,,,лікар-стоматолог-терапевт,
,сілченко,,,,,,,,,погребище,,,,лікар-стоматолог-хірург,
,скляренко,,,,,,,,,подільськ,,,,лікар-судово-психіатричний,
,сковорода,,,,,,,,,покров,,,,лікар-сурдолог,
,скорик,,,,,,,,,покровськ,,,,лікар-терапевт,
,скоропадський,,,,,,,,,пологи,,,,лікар-токсиколог,
,скоцик,,,,,,,,,полонне,,,,лікар-трансплантолог,
,скріпачук,,,,,,,,,полтава,,,,лікар-трансфузіолог,
,скріпченко,,,,,,,,,помічна,,,,лікар-уролог,
,скробала,,,,,,,,,попасна,,,,лікар-фізіотерапевт,
,смерека,,,,,,,,,почаїв,,,,лікар-фтизіатр,
,смешко,,,,,,,,,привілля,,,,лікар-хірург,
,сокулський,,,,,,,,,прилуки,,,,лікар-хірург-онколог,
,солар,,,,,,,,,приморськ,,,,лікар-хірург-проктолог,
,солецький,,,,,,,,,прип'ять,,,,ліквідатор,
,стасюк,,,,,,,,,пустомити,,,,лінгвіст,
,стельмах,,,,,,,,,путивль,,,,ліпник,
,стесишин,,,,,,,,,рава-руська,,,,лісник,
,стецько,,,,,,,,,радехів,,,,лісничий,
,стрембіцький,,,,,,,,,радивилів,,,,лісоруб,
,ступка,,,,,,,,,радомишль,,,,літературний,
,сумлак,,,,,,,,,рахів,,,,літературознавець,
,супрунюк,,,,,,,,,рахни-лісові,,,,ліфтер,
,тарас,,,,,,,,,рені,,,,ловець,
,тарасенко,,,,,,,,,решетилівка,,,,логіст,
,тарута,,,,,,,,,ржищів,,,,логопед,
,телiга,,,,,,,,,рівне,,,,лоцман,
,терещенко,,,,,,,,,ровеньки,,,,лоцман-оператор,
,тетеря,,,,,,,,,рогатин,,,,лудильник,
,тимко,,,,,,,,,родинське,,,,лущильник,
,тимошенко,,,,,,,,,рожище,,,,льотчик-випробувач,
,тимощук,,,,,,,,,рожнів,,,,льотчик-космонавт,
,титович,,,,,,,,,роздільна,,,,льотчик-спостерігач,
,титовский,,,,,,,,,розкішне,,,,люковий,
,тищенко,,,,,,,,,романківці,,,,люмінофорник-екранувальник,
,ткаченко,,,,,,,,,ромни,,,,лялькар,
,томенко,,,,,,,,,рубіжне,,,,м'якшильник,
,томоруґ,,,,,,,,,рудки,,,,магнезувальник-вакуумник,
,трясило,,,,,,,,,руська лозова,,,,майстер,
,турин,,,,,,,,,руська поляна,,,,майстер-налагоджувальник,
,тютюнник,,,,,,,,,саки,,,,майстер-підривник,
,тяагнибок,,,,,,,,,самбір,,,,макетник,
,удовенко,,,,,,,,,сарни,,,,маклер,
,удовиченко,,,,,,,,,свалява,,,,малювальник,
,українець,,,,,,,,,сваричів,,,,маляр,
,уманець,,,,,,,,,сватове,,,,маммолог,
,усаченко,,,,,,,,,світловодськ,,,,манекенник,
,усенко,,,,,,,,,світлодарськ,,,,манікюрник,
,усик,,,,,,,,,святогірськ,,,,марироб,
,устенко,,,,,,,,,севастополь,,,,маркувальник,
,устименко,,,,,,,,,селидове,,,,маркшейдер,
,устимович,,,,,,,,,семенівка,,,,мармеладник-пастильник,
,устиянович,,,,,,,,,середина-буда,,,,масажист,
,фаріон,,,,,,,,,середнє водяне,,,,маслороб,
,федірчук,,,,,,,,,сєвєродонецьк,,,,маслороб-майстер,
,федоренко,,,,,,,,,синельникове,,,,мастильник,
,федотенко,,,,,,,,,сіверськ,,,,математик,
,фіщенко,,,,,,,,,сімферополь,,,,математик-аналітик,
,фоменко,,,,,,,,,скадовськ,,,,матрос,
,фочук,,,,,,,,,скалат,,,,матрос-водолаз,
,франко,,,,,,,,,сквира,,,,матрос-рятувальник,
,хачула,,,,,,,,,сколе,,,,матувальник-вакуумник,
,химнюк,,,,,,,,,славута,,,,мацератор,
,хмельницький,,,,,,,,,славутич,,,,машиніст,
,хомін,,,,,,,,,слов'янськ,,,,машиніст-бронзувальник,
,хомяк,,,,,,,,,сміла,,,,машиніст-інструктор,
,царенко,,,,,,,,,снігурівка,,,,машиніст-кранівник,
,цвик,,,,,,,,,сніжне,,,,машиніст-обхідник,
,цвихун,,,,,,,,,сновськ,,,,машиніст-оператор,
,цибуля,,,,,,,,,снятин,,,,машиніст-регулювальник,
,ципкін,,,,,,,,,сокаль,,,,машиніст-таблетувальник,
,чабаненко,,,,,,,,,сокирниця,,,,машиніст-транспортувальник,
,чалий,,,,,,,,,сокиряни,,,,меланжист,
,черненко,,,,,,,,,сокільники,,,,мельник,
,чикатіло,,,,,,,,,соледар,,,,менеджер,
,човник,,,,,,,,,сорокине,,,,мереживниця,
,чорний,,,,,,,,,соснівка,,,,мерчендайзер,
,чорновіл,,,,,,,,,софіївська борщагівка,,,,металізатор,
,шастко,,,,,,,,,старий крим,,,,метеоролог,
,шаула,,,,,,,,,старий самбір,,,,методист,
,швець,,,,,,,,,старі кути,,,,методист-валеолог,
,шевченко,,,,,,,,,старобільськ,,,,метрдотель,
,шевчук,,,,,,,,,старокозаче,,,,механізатор,
,шинкарчук,,,,,,,,,старокостянтинів,,,,механік,
,шмата,,,,,,,,,стебник,,,,механік-інструктор,
,шухевич,,,,,,,,,сторожинець,,,,механік-налагоджувальник,
,щегельський,,,,,,,,,стрий,,,,механік-наставник,
,щерба,,,,,,,,,судак,,,,мехатронік,
,щербак,,,,,,,,,судилків,,,,мийник,
,щербаківський,,,,,,,,,судова вишня,,,,мийник-прибиральник,
,щербань,,,,,,,,,сулимівка,,,,мийник-сушильник,
,щербатюк,,,,,,,,,суми,,,,мисливствознавець,
,щербацький,,,,,,,,,суходільськ,,,,мистецтвознавець,
,щербаченко,,,,,,,,,таврійськ,,,,мідник,
,щербина,,,,,,,,,тальне,,,,міздрильник,
,щернулька,,,,,,,,,таранівка,,,,міколог,
,щириця,,,,,,,,,тарасівка,,,,мікробіолог,
,щорс,,,,,,,,,тарасівці,,,,мікропалеонтолог,
,щука,,,,,,,,,тараща,,,,міксеровий,
,щурат,,,,,,,,,татарбунари,,,,міксівник,
,щуровський,,,,,,,,,теплодар,,,,мінералог,
,юлюшек,,,,,,,,,теребовля,,,,міністр,
,юрченко,,,,,,,,,тернівка,,,,місіонер,
,ющенко,,,,,,,,,тернопіль,,,,мішальник,
,яворський,,,,,,,,,тетіїв,,,,модель,
,якимчук,,,,,,,,,тиврів,,,,модельєр,
,якімчук,,,,,,,,,тисмениця,,,,модельєр-конструктор,
,яковенко,,,,,,,,,тлумач,,,,модельник,
,янукович,,,,,,,,,токмак,,,,моделювальник,
,ярема,,,,,,,,,торецьк,,,,модистка,
,яремчук,,,,,,,,,требухів,,,,мозаїст,
,ярмолюк,,,,,,,,,троїцьке,,,,молірувальник,
,яровий,,,,,,,,,тростянець,,,,молодша,
,,,,,,,,,,трускавець,,,,молодший,
,,,,,,,,,,тульчин,,,,монтажер,
,,,,,,,,,,турка,,,,монтажист,
,,,,,,,,,,тячів,,,,монтажник,
,,,,,,,,,,угнів,,,,монтажник-вакуумник,
,,,,,,,,,,ужгород,,,,монтажник-складальник,
,,,,,,,,,,узин,,,,монтажник-установник,
,,,,,,,,,,українка,,,,монтер,
,,,,,,,,,,українськ,,,,монтувальник,
,,,,,,,,,,умань,,,,моревод,
,,,,,,,,,,усатове,,,,мотальник,
,,,,,,,,,,устилуг,,,,моторист,
,,,,,,,,,,фастів,,,,моторист-мастильник,
,,,,,,,,,,федорівка,,,,моторист-матрос,
,,,,,,,,,,феодосія,,,,моторист-оператор,
,,,,,,,,,,фонтанка,,,,моторист-стерновий,
,,,,,,,,,,харків,,,,музейний,
,,,,,,,,,,харцизьк,,,,музикант,
,,,,,,,,,,херсон,,,,музикознавець,
,,,,,,,,,,хмельницький,,,,музичний,
,,,,,,,,,,хмільник,,,,муляжист,
,,,,,,,,,,ходорів,,,,муляр,
,,,,,,,,,,хорол,,,,набивальник,
,,,,,,,,,,хоростків,,,,набирач,
,,,,,,,,,,хотин,,,,наважувач-готувач,
,,,,,,,,,,хрестівка,,,,наваловідбійник,
,,,,,,,,,,христинівка,,,,навальник,
,,,,,,,,,,хрустальний,,,,навальник-штабелювальник,
,,,,,,,,,,хуст,,,,навивальник,
,,,,,,,,,,циркуни,,,,навійник,
,,,,,,,,,,часів яр,,,,навішувач,
,,,,,,,,,,червона слобода,,,,наглядач,
,,,,,,,,,,червоноград,,,,нагрівальник,
,,,,,,,,,,червоносів,,,,наждачник,
,,,,,,,,,,черкаси,,,,наїзник,
,,,,,,,,,,чернівці,,,,накатник,
,,,,,,,,,,чернігів,,,,накатник-обкатник,
,,,,,,,,,,чигирин,,,,накладальник,
,,,,,,,,,,чистякове,,,,наклеювач,
,,,,,,,,,,чоп,,,,наколювальник,
,,,,,,,,,,чорнобаївка,,,,накочувальник,
,,,,,,,,,,чорнобиль,,,,налагоджувальник,
,,,,,,,,,,чорноморськ,,,,налагоджувальник-монтажник,
,,,,,,,,,,чортків,,,,налагоджувальних,
,,,,,,,,,,чугуїв,,,,намазувальник,
,,,,,,,,,,чудей,,,,намотувальник,
,,,,,,,,,,чуднів,,,,напаювальник,
,,,,,,,,,,шабо,,,,наплавник,
,,,,,,,,,,шаргород,,,,наповнювач,
,,,,,,,,,,шахтарськ,,,,нарізувач,
,,,,,,,,,,шевченкове,,,,народний,
,,,,,,,,,,шепетівка,,,,нарядник,
,,,,,,,,,,шостка,,,,насаджувач,
,,,,,,,,,,шпола,,,,насипальник,
,,,,,,,,,,шумськ,,,,насікальник,
,,,,,,,,,,щастя,,,,наставник-пілот,
,,,,,,,,,,щолкіне,,,,настелювач,
,,,,,,,,,,южне,,,,настроювач,
,,,,,,,,,,южноукраїнськ,,,,настроювач-регулювальник,
,,,,,,,,,,яворів,,,,натирач,
,,,,,,,,,,яготин,,,,натурник,
,,,,,,,,,,ялта,,,,натуропат,
,,,,,,,,,,ямпіль,,,,натягач,
,,,,,,,,,,яремче,,,,науковий,
,,,,,,,,,,ясинувата,,,,начальник,
,,,,,,,,,,,,,,нейтралізаторник,
,,,,,,,,,,,,,,нормалізаторник,
,,,,,,,,,,,,,,нормувальник,
,,,,,,,,,,,,,,носій,
,,,,,,,,,,,,,,нотаріус,
,,,,,,,,,,,,,,нотогравер,
,,,,,,,,,,,,,,нотографік,
,,,,,,,,,,,,,,нумерувальник,
,,,,,,,,,,,,,,нянька,
,,,,,,,,,,,,,,об'їжджувач,
,,,,,,,,,,,,,,оббивальник,
,,,,,,,,,,,,,,оббирач,
,,,,,,,,,,,,,,обв'язувальник,
,,,,,,,,,,,,,,обвалювальник,
,,,,,,,,,,,,,,обдирач,
,,,,,,,,,,,,,,обдувальник,
,,,,,,,,,,,,,,обжарювальник,
,,,,,,,,,,,,,,обкатник,
,,,,,,,,,,,,,,обкатувальник,
,,,,,,,,,,,,,,обклеювач,
,,,,,,,,,,,,,,обліковець,
,,,,,,,,,,,,,,обмазувальник,
,,,,,,,,,,,,,,обміднювальник,
,,,,,,,,,,,,,,обмінювач,
,,,,,,,,,,,,,,обмолотник,
,,,,,,,,,,,,,,обмотувальник,
,,,,,,,,,,,,,,обпилювач,
,,,,,,,,,,,,,,обплавлювач,
,,,,,,,,,,,,,,обплітальник,
,,,,,,,,,,,,,,обпресувальник,
,,,,,,,,,,,,,,обривальник,
,,,,,,,,,,,,,,обрізувач,
,,,,,,,,,,,,,,оброблювач,
,,,,,,,,,,,,,,обробник,
,,,,,,,,,,,,,,обрубувач,
,,,,,,,,,,,,,,обсипальник,
,,,,,,,,,,,,,,обсмолювач,
,,,,,,,,,,,,,,обтискувач,
,,,,,,,,,,,,,,обхідник,
,,,,,,,,,,,,,,обчісувальник,
,,,,,,,,,,,,,,обшивальник,
,,,,,,,,,,,,,,овоскопувальник,
,,,,,,,,,,,,,,овочівник,
,,,,,,,,,,,,,,оглядач,
,,,,,,,,,,,,,,оглядач-ремонтник,
,,,,,,,,,,,,,,огранувальник,
,,,,,,,,,,,,,,озеленювач,
,,,,,,,,,,,,,,озонаторник,
,,,,,,,,,,,,,,окантувальник,
,,,,,,,,,,,,,,океанолог,
,,,,,,,,,,,,,,оконтурувальник,
,,,,,,,,,,,,,,оксидувальник-вакуумник,
,,,,,,,,,,,,,,опалювач,
,,,,,,,,,,,,,,оператор,
,,,,,,,,,,,,,,оператор-випробувач,
,,,,,,,,,,,,,,оператор-гальванік,
,,,,,,,,,,,,,,оператор-інструктор,
,,,,,,,,,,,,,,оператор-кінокореспондент,
,,,,,,,,,,,,,,оператор-коваль,
,,,,,,,,,,,,,,оператор-ливарник,
,,,,,,,,,,,,,,оператор-моторист,
,,,,,,,,,,,,,,оператор-намазувальник,
,,,,,,,,,,,,,,оператор-нарізувач,
,,,,,,,,,,,,,,оператор-терміст,
,,,,,,,,,,,,,,операціоніст,
,,,,,,,,,,,,,,оперуповноважений,
,,,,,,,,,,,,,,оплавлювач,
,,,,,,,,,,,,,,опоряджувальник,
,,,,,,,,,,,,,,оправник,
,,,,,,,,,,,,,,оправник-чистильник,
,,,,,,,,,,,,,,оптик,
,,,,,,,,,,,,,,оптик-механік,
,,,,,,,,,,,,,,оптометрист,
,,,,,,,,,,,,,,організатор,
,,,,,,,,,,,,,,оргсекретар,
,,,,,,,,,,,,,,орнітолог,
,,,,,,,,,,,,,,освинцювальник,
,,,,,,,,,,,,,,освітлювач,
,,,,,,,,,,,,,,офіс-адміністратор,
,,,,,,,,,,,,,,офісний,
,,,,,,,,,,,,,,офіціант,
,,,,,,,,,,,,,,офіційний,
,,,,,,,,,,,,,,оформлювач,
,,,,,,,,,,,,,,охолоджувач,
,,,,,,,,,,,,,,охоронець,
,,,,,,,,,,,,,,охоронник,
,,,,,,,,,,,,,,охоронник-пожежний,
,,,,,,,,,,,,,,оцинковувач,
,,,,,,,,,,,,,,оцинковувач-хромувальник,
,,,,,,,,,,,,,,оцінювач,
,,,,,,,,,,,,,,оцінювач-експерт,
,,,,,,,,,,,,,,пакувальник,
,,,,,,,,,,,,,,пакувальник-цементувальник,
,,,,,,,,,,,,,,палеогеограф,
,,,,,,,,,,,,,,палеограф,
,,,,,,,,,,,,,,палеонтолог,
,,,,,,,,,,,,,,палітурник,
,,,,,,,,,,,,,,пантографіст,
,,,,,,,,,,,,,,паразитолог,
,,,,,,,,,,,,,,парафінувальник,
,,,,,,,,,,,,,,парашутист-випробувач,
,,,,,,,,,,,,,,парашутист-пожежний,
,,,,,,,,,,,,,,парашутист-рятувальник,
,,,,,,,,,,,,,,парашутист-укладальник,
,,,,,,,,,,,,,,паркетник,
,,,,,,,,,,,,,,паркувальник,
,,,,,,,,,,,,,,паспортист,
,,,,,,,,,,,,,,пастижер,
,,,,,,,,,,,,,,патинувальник,
,,,,,,,,,,,,,,патроніст,
,,,,,,,,,,,,,,патронувальник,
,,,,,,,,,,,,,,паяльник,
,,,,,,,,,,,,,,паяльщик,
,,,,,,,,,,,,,,педагог,
,,,,,,,,,,,,,,педагог-валеолог,
,,,,,,,,,,,,,,педагог-організатор,
,,,,,,,,,,,,,,педикюрник,
,,,,,,,,,,,,,,пекар,
,,,,,,,,,,,,,,пекар-майстер,
,,,,,,,,,,,,,,пекоплавильник,
,,,,,,,,,,,,,,перебивач,
,,,,,,,,,,,,,,перевіряльник,
,,,,,,,,,,,,,,переглядач,
,,,,,,,,,,,,,,перегонник,
,,,,,,,,,,,,,,перезарядник,
,,,,,,,,,,,,,,перекидальник,
,,,,,,,,,,,,,,перекладач,
,,,,,,,,,,,,,,перекладач-дактилолог,
,,,,,,,,,,,,,,перекладач-секретар,
,,,,,,,,,,,,,,перекочувач,
,,,,,,,,,,,,,,перекристалізаторник,
,,,,,,,,,,,,,,перемотувальник,
,,,,,,,,,,,,,,перемотувальник-сортувальник,
,,,,,,,,,,,,,,переписувач,
,,,,,,,,,,,,,,переробник,
,,,,,,,,,,,,,,пересаджувач,
,,,,,,,,,,,,,,перетягальник,
,,,,,,,,,,,,,,перукар,
,,,,,,,,,,,,,,перфораторник,
,,,,,,,,,,,,,,перший,
,,,,,,,,,,,,,,петрограф,
,,,,,,,,,,,,,,печовий,
,,,,,,,,,,,,,,пивовар,
,,,,,,,,,,,,,,пилкоправ,
,,,,,,,,,,,,,,писар,
,,,,,,,,,,,,,,письменник,
,,,,,,,,,,,,,,питлівник,
,,,,,,,,,,,,,,підбирач,
,,,,,,,,,,,,,,підбирач-обліковець,
,,,,,,,,,,,,,,підганяльник,
,,,,,,,,,,,,,,піддувальник,
,,,,,,,,,,,,,,підклеювач,
,,,,,,,,,,,,,,підношувач,
,,,,,,,,,,,,,,підривник,
,,,,,,,,,,,,,,підручний,
,,,,,,,,,,,,,,підсобний,
,,,,,,,,,,,,,,підшкіпер,
,,,,,,,,,,,,,,пілот,
,,,,,,,,,,,,,,пірометрист,
,,,,,,,,,,,,,,піротехнік,
,,,,,,,,,,,,,,піскозліплювальник,
,,,,,,,,,,,,,,піскоструминник,
,,,,,,,,,,,,,,пічник,
,,,,,,,,,,,,,,плавильник,
,,,,,,,,,,,,,,плавильник-ливарник,
,,,,,,,,,,,,,,плакувальник,
,,,,,,,,,,,,,,планіметрист,
,,,,,,,,,,,,,,планшетист,
,,,,,,,,,,,,,,пластикаторник,
,,,,,,,,,,,,,,плетільник,
,,,,,,,,,,,,,,плісирувальник-гофрувальник,
,,,,,,,,,,,,,,плодоовочівник,
,,,,,,,,,,,,,,пломбувальник,
,,,,,,,,,,,,,,плямовивідник,
,,,,,,,,,,,,,,повертальник,
,,,,,,,,,,,,,,повірений,
,,,,,,,,,,,,,,повітряний,
,,,,,,,,,,,,,,подинник,
,,,,,,,,,,,,,,пожежний,
,,,,,,,,,,,,,,пожежний-рятувальник,
,,,,,,,,,,,,,,позицію,
,,,,,,,,,,,,,,позолотник,
,,,,,,,,,,,,,,поїзний,
,,,,,,,,,,,,,,покоївка,
,,,,,,,,,,,,,,покрівельник,
,,,,,,,,,,,,,,поливальник,
,,,,,,,,,,,,,,поливальник-лакувальник,
,,,,,,,,,,,,,,полімеризаторник,
,,,,,,,,,,,,,,полірувальник,
,,,,,,,,,,,,,,полірувальник-доводжувач,
,,,,,,,,,,,,,,політичний,
,,,,,,,,,,,,,,політолог,
,,,,,,,,,,,,,,поліцейський,
,,,,,,,,,,,,,,польовий,
,,,,,,,,,,,,,,поляризатор,
,,,,,,,,,,,,,,помічник,
,,,,,,,,,,,,,,помічник-консультант,
,,,,,,,,,,,,,,портьє,
,,,,,,,,,,,,,,порціоніст,
,,,,,,,,,,,,,,посадчик,
,,,,,,,,,,,,,,посипальник,
,,,,,,,,,,,,,,посланник,
,,,,,,,,,,,,,,посол,
,,,,,,,,,,,,,,постановник-вивантажувач,
,,,,,,,,,,,,,,постачальник,
,,,,,,,,,,,,,,постійний,
,,,,,,,,,,,,,,постовий,
,,,,,,,,,,,,,,пошивник,
,,,,,,,,,,,,,,ппсувальник,
,,,,,,,,,,,,,,правильник,
,,,,,,,,,,,,,,практичний,
,,,,,,,,,,,,,,прасувальник,
,,,,,,,,,,,,,,представник,
,,,,,,,,,,,,,,президент,
,,,,,,,,,,,,,,прем'єр-міністр,
,,,,,,,,,,,,,,препаратор,
,,,,,,,,,,,,,,препараторник,
,,,,,,,,,,,,,,прес-секретар,
,,,,,,,,,,,,,,пресувальник,
,,,,,,,,,,,,,,пресувальник-видувник,
,,,,,,,,,,,,,,пресувальник-віджимач,
,,,,,,,,,,,,,,пресувальник-вулканізаторник,
,,,,,,,,,,,,,,пресувальник-освинцювальник,
,,,,,,,,,,,,,,пресувальник-прошивальник,
,,,,,,,,,,,,,,пресувальник-формувальник,
,,,,,,,,,,,,,,прибиральник,
,,,,,,,,,,,,,,приборкувач,
,,,,,,,,,,,,,,прив'язувальник,
,,,,,,,,,,,,,,приватний,
,,,,,,,,,,,,,,приймальник,
,,,,,,,,,,,,,,приймальник-відправник,
,,,,,,,,,,,,,,приймальник-здавальник,
,,,,,,,,,,,,,,приймальник-роздавальник,
,,,,,,,,,,,,,,приймальник-сортувальник,
,,,,,,,,,,,,,,прийомоздавальник,
,,,,,,,,,,,,,,приладист,
,,,,,,,,,,,,,,природоохоронник,
,,,,,,,,,,,,,,присукальник,
,,,,,,,,,,,,,,притиральник,
,,,,,,,,,,,,,,пробивальник-продувальник,
,,,,,,,,,,,,,,пробиральник,
,,,,,,,,,,,,,,пробірувальник,
,,,,,,,,,,,,,,пробіст,
,,,,,,,,,,,,,,пробовідбірник,
,,,,,,,,,,,,,,пробуторник,
,,,,,,,,,,,,,,пров'язувальник,
,,,,,,,,,,,,,,провідний,
,,,,,,,,,,,,,,провідник,
,,,,,,,,,,,,,,провідник-електромонтер,
,,,,,,,,,,,,,,провізор,
,,,,,,,,,,,,,,провізор-аналітик,
,,,,,,,,,,,,,,провізор-гомеопат,
,,,,,,,,,,,,,,провізор-інтерн,
,,,,,,,,,,,,,,провізор-косметолог,
,,,,,,,,,,,,,,провізор-токсиколог,
,,,,,,,,,,,,,,програміст,
,,,,,,,,,,,,,,продавець,
,,,,,,,,,,,,,,продавець-консультант,
,,,,,,,,,,,,,,продюсер,
,,,,,,,,,,,,,,прожарювач,
,,,,,,,,,,,,,,прожекторист,
,,,,,,,,,,,,,,прокатник,
,,,,,,,,,,,,,,проклеювач,
,,,,,,,,,,,,,,прокурор,
,,,,,,,,,,,,,,прокурор-криміналіст,
,,,,,,,,,,,,,,промазувальник,
,,,,,,,,,,,,,,промивальник,
,,,,,,,,,,,,,,промивальник-пропарювач,
,,,,,,,,,,,,,,промінник,
,,,,,,,,,,,,,,пропалювач,
,,,,,,,,,,,,,,пропарювач,
,,,,,,,,,,,,,,пропарювач-проварювач,
,,,,,,,,,,,,,,проректор,
,,,,,,,,,,,,,,просівальник,
,,,,,,,,,,,,,,просівач,
,,,,,,,,,,,,,,просочувальник,
,,,,,,,,,,,,,,протиральник,
,,,,,,,,,,,,,,протравлювач,
,,,,,,,,,,,,,,протягувальник,
,,,,,,,,,,,,,,професіолог,
,,,,,,,,,,,,,,професіонал,
,,,,,,,,,,,,,,професіонал-організатор,
,,,,,,,,,,,,,,професор,
,,,,,,,,,,,,,,профілювальник,
,,,,,,,,,,,,,,профконсультант,
,,,,,,,,,,,,,,прохідник,
,,,,,,,,,,,,,,проявляч,
,,,,,,,,,,,,,,пружинник,
,,,,,,,,,,,,,,прядильник,
,,,,,,,,,,,,,,психолог,
,,,,,,,,,,,,,,птахівник,
,,,,,,,,,,,,,,пудрівник,
,,,,,,,,,,,,,,пультівник,
,,,,,,,,,,,,,,пульфонник,
,,,,,,,,,,,,,,радист-випробувач,
,,,,,,,,,,,,,,радист-радіолокаторник,
,,,,,,,,,,,,,,радіоелектронік,
,,,,,,,,,,,,,,радіолог,
,,,,,,,,,,,,,,радіомеханік,
,,,,,,,,,,,,,,радіомонтажник,
,,,,,,,,,,,,,,радіомонтер,
,,,,,,,,,,,,,,радіооператор,
,,,,,,,,,,,,,,радіотелеграфіст,
,,,,,,,,,,,,,,радіотелефоніст,
,,,,,,,,,,,,,,радіотехнік,
,,,,,,,,,,,,,,радник,
,,,,,,,,,,,,,,радник-начальник,
,,,,,,,,,,,,,,радник-посланник,
,,,,,,,,,,,,,,раймівник,
,,,,,,,,,,,,,,ракліст,
,,,,,,,,,,,,,,рамник,
,,,,,,,,,,,,,,рампівник,
,,,,,,,,,,,,,,рафінувальник,
,,,,,,,,,,,,,,рахівник,
,,,,,,,,,,,,,,реактивник,
,,,,,,,,,,,,,,реакторник,
,,,,,,,,,,,,,,ревізор,
,,,,,,,,,,,,,,ревізор-інспектор,
,,,,,,,,,,,,,,ревізор-інструктор,
,,,,,,,,,,,,,,регенераторник,
,,,,,,,,,,,,,,регент,
,,,,,,,,,,,,,,регулювальник,
,,,,,,,,,,,,,,регулювальник-градуювальник,
,,,,,,,,,,,,,,регулювальник-настроювач,
,,,,,,,,,,,,,,редактор,
,,,,,,,,,,,,,,редактор-перекладач,
,,,,,,,,,,,,,,редукувальник,
,,,,,,,,,,,,,,реєстратор,
,,,,,,,,,,,,,,режисер,
,,,,,,,,,,,,,,режисер-постановник,
,,,,,,,,,,,,,,реквізитор,
,,,,,,,,,,,,,,рекламіст,
,,,,,,,,,,,,,,ректор,
,,,,,,,,,,,,,,рекуператорник,
,,,,,,,,,,,,,,релігійний,
,,,,,,,,,,,,,,ремонтник,
,,,,,,,,,,,,,,ремонтувальник,
,,,,,,,,,,,,,,ремюер,
,,,,,,,,,,,,,,рентгенгоніометрист,
,,,,,,,,,,,,,,рентгенолаборант,
,,,,,,,,,,,,,,рентгеномеханік,
,,,,,,,,,,,,,,реолог,
,,,,,,,,,,,,,,репетитор,
,,,,,,,,,,,,,,репульпаторник,
,,,,,,,,,,,,,,ресепшіоніст,
,,,,,,,,,,,,,,ресорник,
,,,,,,,,,,,,,,респіраторник,
,,,,,,,,,,,,,,реставратор,
,,,,,,,,,,,,,,ресторатор,
,,,,,,,,,,,,,,ретушер,
,,,,,,,,,,,,,,референт,
,,,,,,,,,,,,,,рецептурник,
,,,,,,,,,,,,,,рибалка,
,,,,,,,,,,,,,,рибовод,
,,,,,,,,,,,,,,рибовод-дослідник,
,,,,,,,,,,,,,,рисівник,
,,,,,,,,,,,,,,рихтувальник,
,,,,,,,,,,,,,,ріелтер,
,,,,,,,,,,,,,,різальник,
,,,,,,,,,,,,,,різальник-лудильник,
,,,,,,,,,,,,,,різьбонарізувач,
,,,,,,,,,,,,,,різьбофрезерувальник,
,,,,,,,,,,,,,,різьбошліфувальник,
,,,,,,,,,,,,,,різьбяр,
,,,,,,,,,,,,,,річковий,
,,,,,,,,,,,,,,робітник,
,,,,,,,,,,,,,,роз'їзний,
,,,,,,,,,,,,,,розбивальник,
,,,,,,,,,,,,,,розбирач,
,,,,,,,,,,,,,,розбортувальник,
,,,,,,,,,,,,,,розв'язувальник,
,,,,,,,,,,,,,,розважувач,
,,,,,,,,,,,,,,розвальцювальник,
,,,,,,,,,,,,,,розварник,
,,,,,,,,,,,,,,розвідник,
,,,,,,,,,,,,,,роздавальник,
,,,,,,,,,,,,,,роздиральник,
,,,,,,,,,,,,,,роздільник,
,,,,,,,,,,,,,,розкатник,
,,,,,,,,,,,,,,розкатник-сортувальник,
,,,,,,,,,,,,,,розкладач,
,,,,,,,,,,,,,,розклеювач,
,,,,,,,,,,,,,,розколювач,
,,,,,,,,,,,,,,розкрійник,
,,,,,,,,,,,,,,розливальник,
,,,,,,,,,,,,,,розливальник-загладжувальник,
,,,,,,,,,,,,,,розмалювальник,
,,,,,,,,,,,,,,розмелювач,
,,,,,,,,,,,,,,розмелювач-дозувальник,
,,,,,,,,,,,,,,розмітник,
,,,,,,,,,,,,,,розмотувач,
,,,,,,,,,,,,,,розпакувальник,
,,,,,,,,,,,,,,розпалубщик,
,,,,,,,,,,,,,,розпалювальник,
,,,,,,,,,,,,,,розпарювальник,
,,,,,,,,,,,,,,розпилювач,
,,,,,,,,,,,,,,розподілювач,
,,,,,,,,,,,,,,розпорядник,
,,,,,,,,,,,,,,розправляч,
,,,,,,,,,,,,,,розпушувач,
,,,,,,,,,,,,,,розривник,
,,,,,,,,,,,,,,розроблювач,
,,,,,,,,,,,,,,розробник,
,,,,,,,,,,,,,,розрубник,
,,,,,,,,,,,,,,розсівальник,
,,,,,,,,,,,,,,розтягальник,
,,,,,,,,,,,,,,розфарбовувач,
,,,,,,,,,,,,,,розфасовувач,
,,,,,,,,,,,,,,розформувальник,
,,,,,,,,,,,,,,розчиняльник,
,,,,,,,,,,,,,,розчісувальник,
,,,,,,,,,,,,,,розшліфувальник,
,,,,,,,,,,,,,,розщеплювальник,
,,,,,,,,,,,,,,ростильник,
,,,,,,,,,,,,,,рубач,
,,,,,,,,,,,,,,рятувальник,
,,,,,,,,,,,,,,рятувальник-верхолаз,
,,,,,,,,,,,,,,рятувальник-кінолог,
,,,,,,,,,,,,,,садівник,
,,,,,,,,,,,,,,садовод,
,,,,,,,,,,,,,,садчик,
,,,,,,,,,,,,,,сажотрус,
,,,,,,,,,,,,,,санітар,
,,,,,,,,,,,,,,сапер,
,,,,,,,,,,,,,,сатураторник,
,,,,,,,,,,,,,,свердлувальник,
,,,,,,,,,,,,,,свердлувальник-пневматик,
,,,,,,,,,,,,,,свинар,
,,,,,,,,,,,,,,світлокопіювальник,
,,,,,,,,,,,,,,священнослужитель,
,,,,,,,,,,,,,,сейсмолог,
,,,,,,,,,,,,,,секретар,
,,,,,,,,,,,,,,секретар-друкарка,
,,,,,,,,,,,,,,секретар-стенографіст,
,,,,,,,,,,,,,,сепараторник,
,,,,,,,,,,,,,,сестра,
,,,,,,,,,,,,,,сестра-господиня,
,,,,,,,,,,,,,,сигналіст,
,,,,,,,,,,,,,,сигнальник,
,,,,,,,,,,,,,,силицирувальник,
,,,,,,,,,,,,,,силосник,
,,,,,,,,,,,,,,синильник,
,,,,,,,,,,,,,,синоптик,
,,,,,,,,,,,,,,сировар,
,,,,,,,,,,,,,,сировар-майстер,
,,,,,,,,,,,,,,сиросолільник,
,,,,,,,,,,,,,,сільськогосподарський,
,,,,,,,,,,,,,,сіткоплетільник,
,,,,,,,,,,,,,,скиртувальник,
,,,,,,,,,,,,,,скіповий,
,,,,,,,,,,,,,,складальник,
,,,,,,,,,,,,,,складальник-добудовник,
,,,,,,,,,,,,,,складальник-клеїльник,
,,,,,,,,,,,,,,складальник-клепальник,
,,,,,,,,,,,,,,складальник-монтажник,
,,,,,,,,,,,,,,складальник-настроювач,
,,,,,,,,,,,,,,складальник-обробник,
,,,,,,,,,,,,,,складач,
,,,,,,,,,,,,,,склеювач,
,,,,,,,,,,,,,,склеювач-фарбувальник,
,,,,,,,,,,,,,,скловар,
,,,,,,,,,,,,,,склографіст,
,,,,,,,,,,,,,,склодув,
,,,,,,,,,,,,,,склопротиральник,
,,,,,,,,,,,,,,скляр,
,,,,,,,,,,,,,,скрайбувальник,
,,,,,,,,,,,,,,скруберник-насосник,
,,,,,,,,,,,,,,скручувальник,
,,,,,,,,,,,,,,скручувальник-ізолювальник,
,,,,,,,,,,,,,,скульптор,
,,,,,,,,,,,,,,скульптор-виконавець,
,,,,,,,,,,,,,,слідчий,
,,,,,,,,,,,,,,слюсар,
,,,,,,,,,,,,,,слюсар-випробувач,
,,,,,,,,,,,,,,слюсар-дизеліст,
,,,,,,,,,,,,,,слюсар-електрик,
,,,,,,,,,,,,,,слюсар-електромонтажник,
,,,,,,,,,,,,,,слюсар-інструментальник,
,,,,,,,,,,,,,,слюсар-механік,
,,,,,,,,,,,,,,слюсар-монтажник,
,,,,,,,,,,,,,,слюсар-обпресувальник,
,,,,,,,,,,,,,,слюсар-проводник,
,,,,,,,,,,,,,,слюсар-ремонтник,
,,,,,,,,,,,,,,слюсар-сантехнік,
,,,,,,,,,,,,,,слюсар-складальник,
,,,,,,,,,,,,,,слюсар-стендовик,
,,,,,,,,,,,,,,слюсар-судноремонтник,
,,,,,,,,,,,,,,смолильник,
,,,,,,,,,,,,,,снувальник,
,,,,,,,,,,,,,,собаківник,
,,,,,,,,,,,,,,содівник,
,,,,,,,,,,,,,,солодовник,
,,,,,,,,,,,,,,сомельє,
,,,,,,,,,,,,,,сортувальник,
,,,,,,,,,,,,,,сортувальник-здавальник,
,,,,,,,,,,,,,,сортувальник-розбирач,
,,,,,,,,,,,,,,сортувальник-складальник,
,,,,,,,,,,,,,,соціальний,
,,,,,,,,,,,,,,соціолог,
,,,,,,,,,,,,,,соціолог-кримінолог,
,,,,,,,,,,,,,,спектроскопіст,
,,,,,,,,,,,,,,спеціаліст,
,,,,,,,,,,,,,,спеціаліст-бухгалтер,
,,,,,,,,,,,,,,спеціаліст-криміналіст,
,,,,,,,,,,,,,,спеціаліст-підривник,
,,,,,,,,,,,,,,спеціаліст-юрисконсульт,
,,,,,,,,,,,,,,спеціальний,
,,,,,,,,,,,,,,співак,
,,,,,,,,,,,,,,співак-бандурист,
,,,,,,,,,,,,,,спікальник,
,,,,,,,,,,,,,,сплавлювач,
,,,,,,,,,,,,,,спортсмен-інструктор,
,,,,,,,,,,,,,,спортсмен-професіонал,
,,,,,,,,,,,,,,спостерігач,
,,,,,,,,,,,,,,спостерігач-пожежний,
,,,,,,,,,,,,,,сріблильник,
,,,,,,,,,,,,,,стабілізаторник-дефібринувальник,
,,,,,,,,,,,,,,стабілізувальник,
,,,,,,,,,,,,,,ставильник,
,,,,,,,,,,,,,,ставильник-вибірник,
,,,,,,,,,,,,,,стажист-дослідник,
,,,,,,,,,,,,,,сталевар,
,,,,,,,,,,,,,,станційний,
,,,,,,,,,,,,,,староста,
,,,,,,,,,,,,,,старший,
,,,,,,,,,,,,,,статистик,
,,,,,,,,,,,,,,стендовик,
,,,,,,,,,,,,,,стенографіст,
,,,,,,,,,,,,,,стереотипер,
,,,,,,,,,,,,,,стерилізаторник,
,,,,,,,,,,,,,,стерновий,
,,,,,,,,,,,,,,стивідор,
,,,,,,,,,,,,,,стикувальник,
,,,,,,,,,,,,,,стильмейкер,
,,,,,,,,,,,,,,стовбуровий,
,,,,,,,,,,,,,,столяр,
,,,,,,,,,,,,,,столяр-верстатник,
,,,,,,,,,,,,,,столяр-виробник,
,,,,,,,,,,,,,,сторож,
,,,,,,,,,,,,,,стратиграф,
,,,,,,,,,,,,,,страховий,
,,,,,,,,,,,,,,страхувальник,
,,,,,,,,,,,,,,стригаль,
,,,,,,,,,,,,,,стрижневик,
,,,,,,,,,,,,,,стрілець,
,,,,,,,,,,,,,,стрічковий,
,,,,,,,,,,,,,,стропальник,
,,,,,,,,,,,,,,стругальник,
,,,,,,,,,,,,,,струнник,
,,,,,,,,,,,,,,струнонавивальник,
,,,,,,,,,,,,,,стюард,
,,,,,,,,,,,,,,суддя,
,,,,,,,,,,,,,,судноводій,
,,,,,,,,,,,,,,суднокорпусник-ремонтник,
,,,,,,,,,,,,,,суднопропускник,
,,,,,,,,,,,,,,судовий,
,,,,,,,,,,,,,,сукновал,
,,,,,,,,,,,,,,сульфатник,
,,,,,,,,,,,,,,суперінтендант,
,,,,,,,,,,,,,,супроводжувач,
,,,,,,,,,,,,,,суфлер,
,,,,,,,,,,,,,,сушильник,
,,,,,,,,,,,,,,сюрвейєр,
,,,,,,,,,,,,,,табельник,
,,,,,,,,,,,,,,таблетувальник,
,,,,,,,,,,,,,,такелажник,
,,,,,,,,,,,,,,таксидерміст,
,,,,,,,,,,,,,,таксономіст,
,,,,,,,,,,,,,,таксувальник,
,,,,,,,,,,,,,,талькувальник,
,,,,,,,,,,,,,,танцюрист,
,,,,,,,,,,,,,,тарифікатор,
,,,,,,,,,,,,,,тасьмовик,
,,,,,,,,,,,,,,тваринник,
,,,,,,,,,,,,,,телеграфіст,
,,,,,,,,,,,,,,телеоператор,
,,,,,,,,,,,,,,телефоніст,
,,,,,,,,,,,,,,темперувальник,
,,,,,,,,,,,,,,теплотехнік,
,,,,,,,,,,,,,,теріолог,
,,,,,,,,,,,,,,терміст,
,,,,,,,,,,,,,,термодинамік,
,,,,,,,,,,,,,,термодрукар,
,,,,,,,,,,,,,,термообробник,
,,,,,,,,,,,,,,термопластикаторник,
,,,,,,,,,,,,,,терморізальник,
,,,,,,,,,,,,,,термостатник,
,,,,,,,,,,,,,,термоусадник,
,,,,,,,,,,,,,,тесальник,
,,,,,,,,,,,,,,тесляр,
,,,,,,,,,,,,,,технік,
,,,,,,,,,,,,,,технік-агрометеоролог,
,,,,,,,,,,,,,,технік-агрохімік,
,,,,,,,,,,,,,,технік-аеролог,
,,,,,,,,,,,,,,технік-аерофотограметрист,
,,,,,,,,,,,,,,технік-будівельник,
,,,,,,,,,,,,,,технік-геодезист,
,,,,,,,,,,,,,,технік-геолог,
,,,,,,,,,,,,,,технік-геофізик,
,,,,,,,,,,,,,,технік-гідрогеолог,
,,,,,,,,,,,,,,технік-гідрограф,
,,,,,,,,,,,,,,технік-гідролісомеліоратор,
,,,,,,,,,,,,,,технік-гідролог,
,,,,,,,,,,,,,,технік-гідрометрист,
,,,,,,,,,,,,,,технік-гідротехнік,
,,,,,,,,,,,,,,технік-ґрунтознавець,
,,,,,,,,,,,,,,технік-дефектоскопіст,
,,,,,,,,,,,,,,технік-дизайнер,
,,,,,,,,,,,,,,технік-доглядач,
,,,,,,,,,,,,,,технік-дозиметрист,
,,,,,,,,,,,,,,технік-еколог,
,,,,,,,,,,,,,,технік-електрик,
,,,,,,,,,,,,,,технік-електромеханік,
,,,,,,,,,,,,,,технік-енергетик,
,,,,,,,,,,,,,,технік-землевпорядник,
,,,,,,,,,,,,,,технік-інспектор,
,,,,,,,,,,,,,,технік-картограф,
,,,,,,,,,,,,,,технік-конструктор,
,,,,,,,,,,,,,,технік-лаборант,
,,,,,,,,,,,,,,технік-лісопатолог,
,,,,,,,,,,,,,,технік-маркшейдер,
,,,,,,,,,,,,,,технік-метеоролог,
,,,,,,,,,,,,,,технік-механік,
,,,,,,,,,,,,,,технік-океанолог,
,,,,,,,,,,,,,,технік-оператор,
,,,,,,,,,,,,,,технік-оптик,
,,,,,,,,,,,,,,технік-ортезист-гіпсовиливальник,
,,,,,,,,,,,,,,технік-програміст,
,,,,,,,,,,,,,,технік-проектувальник,
,,,,,,,,,,,,,,технік-протезист-ортезист,
,,,,,,,,,,,,,,технік-радіометрист,
,,,,,,,,,,,,,,технік-рибовод,
,,,,,,,,,,,,,,технік-таксатор,
,,,,,,,,,,,,,,технік-теплотехнік,
,,,,,,,,,,,,,,технік-технолог,
,,,,,,,,,,,,,,технік-топограф,
,,,,,,,,,,,,,,технік-фотограмметрист,
,,,,,,,,,,,,,,технічний,
,,,,,,,,,,,,,,технолог,
,,,,,,,,,,,,,,технолог-видавець,
,,,,,,,,,,,,,,технолог-гідротехнік,
,,,,,,,,,,,,,,технолог-дослідник,
,,,,,,,,,,,,,,технолог-наставник,
,,,,,,,,,,,,,,технолог-рибовод,
,,,,,,,,,,,,,,технологічний,
,,,,,,,,,,,,,,тимчасовий,
,,,,,,,,,,,,,,тифлокоментатор,
,,,,,,,,,,,,,,тістороб,
,,,,,,,,,,,,,,ткач,
,,,,,,,,,,,,,,товарознавець,
,,,,,,,,,,,,,,токар,
,,,,,,,,,,,,,,токар-затилувальник,
,,,,,,,,,,,,,,токар-карусельник,
,,,,,,,,,,,,,,токар-напівавтоматник,
,,,,,,,,,,,,,,токар-револьверник,
,,,,,,,,,,,,,,токар-розточувальник,
,,,,,,,,,,,,,,токсиколог,
,,,,,,,,,,,,,,топограф,
,,,,,,,,,,,,,,торговельний,
,,,,,,,,,,,,,,торговець,
,,,,,,,,,,,,,,торочківник,
,,,,,,,,,,,,,,торфоробітник,
,,,,,,,,,,,,,,точильник,
,,,,,,,,,,,,,,травильник,
,,,,,,,,,,,,,,тракторист,
,,,,,,,,,,,,,,тракторист-машиніст,
,,,,,,,,,,,,,,трамбувальник,
,,,,,,,,,,,,,,транспортувальник,
,,,,,,,,,,,,,,трафаретник,
,,,,,,,,,,,,,,трелювальник,
,,,,,,,,,,,,,,тренер,
,,,,,,,,,,,,,,тренер-викладач,
,,,,,,,,,,,,,,тренер-методист,
,,,,,,,,,,,,,,тренувальник,
,,,,,,,,,,,,,,третій,
,,,,,,,,,,,,,,трубник,
,,,,,,,,,,,,,,трубозгинальник,
,,,,,,,,,,,,,,труболиварник-формувальник,
,,,,,,,,,,,,,,трубопровідник,
,,,,,,,,,,,,,,трубопрокатник,
,,,,,,,,,,,,,,трунар,
,,,,,,,,,,,,,,тузлукувальник,
,,,,,,,,,,,,,,тунелепрокладник,
,,,,,,,,,,,,,,тунельний,
,,,,,,,,,,,,,,тунельник,
,,,,,,,,,,,,,,тунельник-моторист,
,,,,,,,,,,,,,,туризмознавець,
,,,,,,,,,,,,,,тютюнник,
,,,,,,,,,,,,,,укладальник,
,,,,,,,,,,,,,,укладальник-вибиральник,
,,,,,,,,,,,,,,укладальник-пакувальник,
,,,,,,,,,,,,,,укладач,
,,,,,,,,,,,,,,уніформіст,
,,,,,,,,,,,,,,уповноважена,
,,,,,,,,,,,,,,уповноважений,
,,,,,,,,,,,,,,урядовий,
,,,,,,,,,,,,,,усереднювач,
,,,,,,,,,,,,,,установник,
,,,,,,,,,,,,,,учений,
,,,,,,,,,,,,,,ущільнювач,
,,,,,,,,,,,,,,фабрикатор,
,,,,,,,,,,,,,,фанерувальник,
,,,,,,,,,,,,,,фарбовар,
,,,,,,,,,,,,,,фарботерник,
,,,,,,,,,,,,,,фарбоукладач,
,,,,,,,,,,,,,,фарбувальник,
,,,,,,,,,,,,,,фармаколог,
,,,,,,,,,,,,,,фармацевт,
,,,,,,,,,,,,,,фарширувальник,
,,,,,,,,,,,,,,фаршомісильник,
,,,,,,,,,,,,,,фасувальник,
,,,,,,,,,,,,,,фахівець,
,,,,,,,,,,,,,,фахівець-аналітик,
,,,,,,,,,,,,,,фахівець-організатор,
,,,,,,,,,,,,,,фацетник,
,,,,,,,,,,,,,,фельд'єгер,
,,,,,,,,,,,,,,фельдшер,
,,,,,,,,,,,,,,фельдшер-лаборант,
,,,,,,,,,,,,,,фенольник,
,,,,,,,,,,,,,,ферментаторник,
,,,,,,,,,,,,,,ферментувальник,
,,,,,,,,,,,,,,фермер,
,,,,,,,,,,,,,,фідерник,
,,,,,,,,,,,,,,фізик,
,,,,,,,,,,,,,,фізичний,
,,,,,,,,,,,,,,фізіолог,
,,,,,,,,,,,,,,фіксаторник,
,,,,,,,,,,,,,,філігранник,
,,,,,,,,,,,,,,філолог,
,,,,,,,,,,,,,,філолог-дослідник,
,,,,,,,,,,,,,,філософ,
,,,,,,,,,,,,,,фільєрник,
,,,,,,,,,,,,,,фільмоперевіряльник,
,,,,,,,,,,,,,,фільмотекар,
,,,,,,,,,,,,,,фільтр-пресувальник,
,,,,,,,,,,,,,,фільтрувальник,
,,,,,,,,,,,,,,фітнес-тренер,
,,,,,,,,,,,,,,фліперувач,
,,,,,,,,,,,,,,флорист,
,,,,,,,,,,,,,,флотатор,
,,,,,,,,,,,,,,флотаторник,
,,,,,,,,,,,,,,флюсовар,
,,,,,,,,,,,,,,флюсувальник,
,,,,,,,,,,,,,,фокусник,
,,,,,,,,,,,,,,фольклорист,
,,,,,,,,,,,,,,фонотекар,
,,,,,,,,,,,,,,форматор,
,,,,,,,,,,,,,,формотримач,
,,,,,,,,,,,,,,формувальник,
,,,,,,,,,,,,,,форсунник,
,,,,,,,,,,,,,,фосфатувальник,
,,,,,,,,,,,,,,фотограмметрист,
,,,,,,,,,,,,,,фотограф,
,,,,,,,,,,,,,,фотодактилоскопіст,
,,,,,,,,,,,,,,фотодрукар,
,,,,,,,,,,,,,,фотокерамік,
,,,,,,,,,,,,,,фотокореспондент,
,,,,,,,,,,,,,,фотолаборант,
,,,,,,,,,,,,,,фотооператор,
,,,,,,,,,,,,,,фотоплазокопіювальник,
,,,,,,,,,,,,,,фототека,
,,,,,,,,,,,,,,фототехнік,
,,,,,,,,,,,,,,фотохудожник,
,,,,,,,,,,,,,,фотоцинкограф,
,,,,,,,,,,,,,,фрахтівник,
,,,,,,,,,,,,,,фрезерувальник,
,,,,,,,,,,,,,,фризерник,
,,,,,,,,,,,,,,фритівник,
,,,,,,,,,,,,,,фурнітурник,
,,,,,,,,,,,,,,футерувальник,
,,,,,,,,,,,,,,футерувальник-муляр,
,,,,,,,,,,,,,,футерувальник-шамотник,
,,,,,,,,,,,,,,футлярник,
,,,,,,,,,,,,,,халвомісильник,
,,,,,,,,,,,,,,хальмівник,
,,,,,,,,,,,,,,хвилювальник,
,,,,,,,,,,,,,,хімік,
,,,,,,,,,,,,,,хімік-аналітик,
,,,,,,,,,,,,,,хімік-кристалограф,
,,,,,,,,,,,,,,хіромант,
,,,,,,,,,,,,,,хлораторник,
,,,,,,,,,,,,,,хлорник,
,,,,,,,,,,,,,,хлоропровідник,
,,,,,,,,,,,,,,хмеляр,
,,,,,,,,,,,,,,холодильщик,
,,,,,,,,,,,,,,хореограф,
,,,,,,,,,,,,,,хормейстер,
,,,,,,,,,,,,,,хромолітограф,
,,,,,,,,,,,,,,хронометражист,
,,,,,,,,,,,,,,художник,
,,,,,,,,,,,,,,художник-бутафор,
,,,,,,,,,,,,,,художник-виконавець,
,,,,,,,,,,,,,,художник-графік,
,,,,,,,,,,,,,,художник-гример,
,,,,,,,,,,,,,,художник-декоратор,
,,,,,,,,,,,,,,художник-зарисовник,
,,,,,,,,,,,,,,художник-костюмер,
,,,,,,,,,,,,,,художник-лялькар,
,,,,,,,,,,,,,,художник-модельєр,
,,,,,,,,,,,,,,художник-мультиплікатор,
,,,,,,,,,,,,,,художник-окопротезист,
,,,,,,,,,,,,,,художник-оформлювач,
,,,,,,,,,,,,,,художник-постановник,
,,,,,,,,,,,,,,художник-реставратор,
,,,,,,,,,,,,,,художник-шрифтовик,
,,,,,,,,,,,,,,цементатор,
,,,,,,,,,,,,,,цементаторник,
,,,,,,,,,,,,,,центрифугувальник,
,,,,,,,,,,,,,,центрувальник,
,,,,,,,,,,,,,,цитолог,
,,,,,,,,,,,,,,цілитель,
,,,,,,,,,,,,,,цокольник,
,,,,,,,,,,,,,,цукерник,
,,,,,,,,,,,,,,чабан,
,,,,,,,,,,,,,,чеканник,
,,,,,,,,,,,,,,черговий,
,,,,,,,,,,,,,,чистильник,
,,,,,,,,,,,,,,чистильник-точильник,
,,,,,,,,,,,,,,читець,
,,,,,,,,,,,,,,член,
,,,,,,,,,,,,,,чокерівник,
,,,,,,,,,,,,,,чорнильник,
,,,,,,,,,,,,,,шаблонник,
,,,,,,,,,,,,,,шабрувальник,
,,,,,,,,,,,,,,шапітмейстер,
,,,,,,,,,,,,,,швачка,
,,,,,,,,,,,,,,швейцар,
,,,,,,,,,,,,,,шевінгувальник,
,,,,,,,,,,,,,,шеф-кухар,
,,,,,,,,,,,,,,шеф-редактор,
,,,,,,,,,,,,,,шипчандлер,
,,,,,,,,,,,,,,шифрувальник,
,,,,,,,,,,,,,,шихтовар,
,,,,,,,,,,,,,,шихтувальник,
,,,,,,,,,,,,,,шкіпер,
,,,,,,,,,,,,,,шлакувальник,
,,,,,,,,,,,,,,шламівник,
,,,,,,,,,,,,,,шламівник-басейник,
,,,,,,,,,,,,,,шліфувальник,
,,,,,,,,,,,,,,шліфувальник-полірувальник,
,,,,,,,,,,,,,,шліфувальник-різальник,
,,,,,,,,,,,,,,шліхівник,
,,,,,,,,,,,,,,шліхтовар,
,,,,,,,,,,,,,,шлюзівник,
,,,,,,,,,,,,,,шляховий,
,,,,,,,,,,,,,,шнеківник,
,,,,,,,,,,,,,,шовківник,
,,,,,,,,,,,,,,шовкограф,
,,,,,,,,,,,,,,шоколадник,
,,,,,,,,,,,,,,шоопувальник,
,,,,,,,,,,,,,,шорсткувальник,
,,,,,,,,,,,,,,шпаклювальник,
,,,,,,,,,,,,,,шпредингіст,
,,,,,,,,,,,,,,шприцювальник,
,,,,,,,,,,,,,,штабелювальник,
,,,,,,,,,,,,,,штампувальник,
,,,,,,,,,,,,,,штампувач,
,,,,,,,,,,,,,,штапелювальник,
,,,,,,,,,,,,,,штемпелювальник,
,,,,,,,,,,,,,,штенгелювальник,
,,,,,,,,,,,,,,штукатур,
,,,,,,,,,,,,,,штурман,
,,,,,,,,,,,,,,штурман-випробувач,
,,,,,,,,,,,,,,штурман-інспектор,
,,,,,,,,,,,,,,штурман-інструктор,
,,,,,,,,,,,,,,штурман-оператор,
,,,,,,,,,,,,,,шурувальник,
,,,,,,,,,,,,,,щогловик-антенник,
,,,,,,,,,,,,,,ювелір,
,,,,,,,,,,,,,,ювелір-браслетник,
,,,,,,,,,,,,,,ювелір-гравер,
,,,,,,,,,,,,,,ювелір-закріпник,
,,,,,,,,,,,,,,ювелір-ланцюжковик,
,,,,,,,,,,,,,,ювелір-монтувальник,
,,,,,,,,,,,,,,ювелір-філігранник,
,,,,,,,,,,,,,,юрисконсульт,
,,,,,,,,,,,,,,юрист,
,,,,,,,,,,,,,,юрист-міжнародник,
,,,,,,,,,,,,,,юстирувальник,